title,year,released_at,director,awards,imdb_votes
10 Things I Hate About You,1999,31-Mar-99,Gil Junger,2 wins & 13 nominations.,"2,83,945"
101 Dalmatian Street,2018–,25-Mar-19,N/A,N/A,124
101 Dalmatians,1996,27-Nov-96,Stephen Herek,Nominated for 1 Golden Globe. Another 3 wins & 9 nominations.,"97,785"
101 Dalmatians 2: Patch's London Adventure,2002,21-Jan-03,"Jim Kammerud, Brian Smith",5 wins & 10 nominations.,"7,434"
102 Dalmatians,2000,22-Nov-00,Kevin Lima,Nominated for 1 Oscar. Another 1 win & 7 nominations.,"33,444"
12 Dates of Christmas,2011,11-Dec-11,James Hayman,1 nomination.,"4,933"
"20,000 Leagues Under the Sea",1954,20-Jul-55,Richard Fleischer,Won 2 Oscars. Another 3 wins & 3 nominations.,"27,761"
A Bug's Life,1998,25-Nov-98,"John Lasseter, Andrew Stanton(co-director)",Nominated for 1 Oscar. Another 14 wins & 20 nominations.,"2,57,065"
A Celebration of the Music from Coco,2020,10-Apr-20,Ron de Moraes,N/A,35
A Goofy Movie,1995,07-Apr-95,Kevin Lima,5 nominations.,"43,655"
A Kid in King Arthur's Court,1995,11-Aug-95,Michael Gottlieb,1 nomination.,"5,479"
A Knight for a Day,1946,08-Mar-46,Jack Hannah,N/A,488
A Ring of Endless Light,2002,23-Aug-02,Greg Beeman,2 wins & 1 nomination.,"1,042"
A Tale of Two Critters,1977,22-Jun-77,Jack Speirs,N/A,59
A Wrinkle in Time,2018,09-Mar-18,Ava DuVernay,5 wins & 15 nominations.,"38,659"
Aladdin,2019,24-May-19,Guy Ritchie,7 wins & 32 nominations.,"2,04,537"
Aladdin,1992,25-Nov-92,"Ron Clements, John Musker",Won 2 Oscars. Another 31 wins & 22 nominations.,"3,56,283"
Aladdin and the King of Thieves,1996,13-Aug-96,Tad Stones,2 wins & 1 nomination.,"31,603"
Aladdin and the Return of Jafar,1994,20-May-94,"Toby Shelton, Tad Stones, Alan Zaslove",1 nomination.,"25,623"
Alice in Wonderland,1951,14-Sep-51,"Clyde Geronimi, Wilfred Jackson, Hamilton Luske",Nominated for 1 Oscar. Another 1 nomination.,"1,23,377"
Alice in Wonderland,2010,05-Mar-10,Tim Burton,Won 2 Oscars. Another 33 wins & 63 nominations.,"3,71,772"
Aliens of the Deep,2005,25-Aug-05,"James Cameron, Steven Quale",N/A,"2,586"
All in a Nutshell,1949,02-Sep-49,Jack Hannah,N/A,572
Alley Cats Strike,2000,18-Mar-00,Rod Daniel,1 nomination.,"1,840"
Almost Angels,1962,26-Sep-62,Steve Previn,N/A,309
America's Funniest Home Videos,1989–,26-Nov-89,N/A,4 wins & 6 nominations.,"4,652"
America's Heart & Soul,2004,02-Jul-04,Louie Schwartzberg,1 win & 1 nomination.,557
America's National Parks,2015–,06-Dec-15,N/A,N/A,73
Amy,1981,20-Mar-81,Vincent McEveety,2 nominations.,236
An Extremely Goofy Movie,2000,29-Feb-00,Douglas McCarthy,2 wins & 1 nomination.,"9,244"
Andi Mack,2017–2019,10-Mar-17,N/A,3 wins & 6 nominations.,"1,723"
Annie,1999,07-Nov-99,Rob Marshall,Nominated for 1 Golden Globe. Another 9 wins & 23 nominations.,"4,380"
Apollo: Missions to the Moon,2019,07-Jul-19,Tom Jennings,4 nominations.,130
,,,,,
Around the World in 80 Days,2004,16-Jun-04,Frank Coraci,2 wins & 2 nominations.,"82,011"
Atlantis Rising,2017,29-Jan-17,Simcha Jacobovici,N/A,178
Atlantis: Milo's Return,2003,20-May-03,"Victor Cook, Toby Shelton, Tad Stones",1 nomination.,"7,621"
Atlantis: The Lost Empire,2001,22-Jun-01,"Gary Trousdale, Kirk Wise",2 wins & 14 nominations.,"98,258"
Auntie Edna,2018,06-Nov-18,Ted Mathot,N/A,"1,019"
Austin & Ally,2011–2016,02-Dec-11,N/A,10 wins & 14 nominations.,"8,666"
Avatar,2009,18-Dec-09,James Cameron,Won 3 Oscars. Another 86 wins & 129 nominations.,"10,86,714"
,,,,,
Babes in the Woods,1932,19-Nov-32,Burt Gillett,N/A,799
Babes in Toyland,1961,14-Dec-61,Jack Donohue,Nominated for 2 Oscars. Another 1 win & 4 nominations.,"3,228"
Bambi,1942,21-Aug-42,"James Algar, Samuel Armstrong, David Hand, Graham Heid, Bill Roberts, Paul Satterfield, Norman Wright, Arthur Davis, Clyde Geronimi",Nominated for 3 Oscars. Another 6 wins & 3 nominations.,"1,25,824"
Bambi and the Great Prince of the Forest,2006,07-Feb-06,Brian Pimental,1 win & 1 nomination.,"8,741"
Bao,2018,15-Jun-18,Domee Shi,Won 1 Oscar. Another 4 nominations.,"19,660"
Be Our Chef,2020–,27-Mar-20,N/A,N/A,N/A
Beach Picnic,1939,09-Jun-39,Clyde Geronimi,N/A,675
Bearly Asleep,1955,19-Aug-55,Jack Hannah,N/A,254
Beauty and the Beast,1991,22-Nov-91,"Gary Trousdale, Kirk Wise",Won 2 Oscars. Another 27 wins & 34 nominations.,"4,04,632"
Belle's Magical World,1998,16-Feb-98,"Bob Kline, Cullen Blaine, Dale Case, Daniel de la Vega, Barbara Dourmaskin-Case, Rick Leon, Burt Medall, Mitch Rochon",3 nominations.,"2,425"
Beauty and the Beast: The Enchanted Christmas,1997,11-Nov-97,Andrew Knight,2 wins & 6 nominations.,"8,603"
Because of Winn-Dixie,2005,18-Feb-05,Wayne Wang,2 nominations.,"10,040"
Bedknobs and Broomsticks,1971,13-Dec-71,"Robert Stevenson, Ward Kimball",Won 1 Oscar. Another 1 win & 5 nominations.,"32,823"
Bedtime Stories,2008,25-Dec-08,Adam Shankman,3 wins & 5 nominations.,"85,524"
Beezy Bear,1955,02-Sep-55,Jack Hannah,N/A,269
Before the Flood,2016,30-Oct-16,Fisher Stevens,2 wins & 7 nominations.,"25,171"
Benji the Hunted,1987,19-Jun-87,Joe Camp,1 win & 1 nomination.,"2,629"
Best Friends Whenever,2015–2016,26-Jun-15,N/A,3 nominations.,"1,475"
Big Business,1988,10-Jun-88,Jim Abrahams,1 win & 1 nomination.,"11,575"
Big City Greens,2018–,18-Jun-18,N/A,2 nominations.,567
,,,,,
Big Hero 6,2014,07-Nov-14,"Don Hall, Chris Williams",Won 1 Oscar. Another 16 wins & 58 nominations.,"3,93,016"
,,,,,
Billy Dilley's Super-Duper Subterranean Summer,2017–,N/A,N/A,N/A,77
,,,,,
Bizarre Dinosaurs,2009,11-Oct-09,Jenny Kubo,N/A,47
Blackbeard's Ghost,1968,08-Feb-68,Robert Stevenson,N/A,"4,913"
Blank Check,1994,11-Feb-94,Rupert Wainwright,N/A,"18,277"
Bluey,2018–,09-Sep-19,N/A,4 wins.,949
Boat Builders,1938,25-Feb-38,Ben Sharpsteen,N/A,993
Bolt,2008,21-Nov-08,"Byron Howard, Chris Williams",Nominated for 1 Oscar. Another 1 win & 31 nominations.,"1,82,591"
,,,,,
Bonkers,1993–1994,04-Sep-93,N/A,2 wins.,"1,188"
,,,,,
Boundin',2003,05-Nov-04,"Bud Luckey, Roger Gould(co-director)",Nominated for 1 Oscar. Another 1 win.,"12,312"
Boy Meets World,1993–2000,24-Sep-93,N/A,5 wins & 17 nominations.,"37,279"
Brain Games,2011–,09-Oct-11,N/A,Nominated for 1 Primetime Emmy. Another 2 nominations.,"2,812"
Brave,2012,22-Jun-12,"Mark Andrews, Brenda Chapman, Steve Purcell(co-director)",Won 1 Oscar. Another 19 wins & 48 nominations.,"3,57,239"
The Brave Little Toaster to the Rescue,1997,24-May-99,"Robert C. Ramirez, Patrick A. Ventura",N/A,"1,201"
Breaking2,2017,20-Sep-17,Martin Desmond Roe,N/A,42
,,,,,
Brink!,1998,29-Aug-98,Greg Beeman,1 nomination.,"5,328"
Brother Bear,2003,07-Nov-03,"Aaron Blaise, Robert Walker",Nominated for 1 Oscar. Another 2 wins & 21 nominations.,"92,453"
Brother Bear 2,2006,29-Aug-06,Ben Gluck,2 nominations.,"13,878"
Buffalo Dreams,2005,11-Mar-05,David Jackson,3 nominations.,436
Bug Juice: My Adventures at Camp,2018–,16-Jul-18,N/A,N/A,23
,,,,,
Burn-E,2008,18-Nov-08,Angus MacLane,N/A,"9,708"
Cadet Kelly,2002,08-Mar-02,Larry Shaw,N/A,"12,570"
Camp Nowhere,1994,26-Aug-94,Jonathan Prince,N/A,"8,448"
Camp Rock,2008,20-Jun-08,Matthew Diamond,2 wins & 7 nominations.,"28,782"
Camp Rock 2: The Final Jam,2010,03-Sep-10,Paul Hoen,2 wins & 3 nominations.,"15,387"
Can of Worms,1999,10-Apr-99,Paul Schneider,N/A,756
Candleshoe,1977,16-Dec-77,Norman Tokar,N/A,"3,479"
Canine Caddy,1941,30-May-41,Clyde Geronimi,N/A,269
,,,,,
Cars,2006,09-Jun-06,"John Lasseter, Joe Ranft(co-director)",Nominated for 2 Oscars. Another 28 wins & 32 nominations.,"3,49,674"
Cars 2,2011,24-Jun-11,"John Lasseter, Bradford Lewis(co-director)",Nominated for 1 Golden Globe. Another 1 win & 18 nominations.,"1,50,876"
Cars 3,2017,16-Jun-17,Brian Fee,1 win & 23 nominations.,"68,243"
,,,,,
El Materdor,2008,29-Oct-08,"John Lasseter, Rob Gibbs(co-director), Victor Navone(co-director)",N/A,283
,,,,,
,,,,,
,,,,,
,,,,,
,,,,,
Moon Mater,2010,02-Nov-10,Rob Gibbs,N/A,178
Rescue Squad Mater,2008,27-Oct-08,"John Lasseter, Rob Gibbs(co-director), Victor Navone(co-director)",N/A,272
Spinning,2013,22-Mar-13,"Jeremy Lasky, Dylan Brown",N/A,56
,,,,,
Time Travel Mater,2012,04-Jun-12,Rob Gibbs,N/A,535
Tokyo Mater,2008,12-Dec-08,"John Lasseter, Rob Gibbs(co-director), Victor Navone(co-director)",N/A,"1,432"
Unidentified Flying Mater,2009,20-Nov-09,"John Lasseter, Rob Gibbs(co-director)",N/A,316
Bugged,2013,22-Mar-13,"Jeremy Lasky, Dylan Brown",N/A,48
Casebusters,1986,25-May-86,Wes Craven,1 nomination.,50
Cheaper by the Dozen,2003,25-Dec-03,Shawn Levy,2 wins & 7 nominations.,"90,580"
Cheetah,1989,18-Aug-89,Jeff Blyth,1 nomination.,801
Chef Donald,1941,05-Dec-41,Jack King,N/A,764
Chicken Little,2005,04-Nov-05,Mark Dindal,4 wins & 15 nominations.,"82,825"
Chip 'n' Dale Rescue Rangers,1988–1990,04-Mar-89,N/A,1 nomination.,"16,431"
Chip an' Dale,1947,28-Nov-47,Jack Hannah,N/A,"1,223"
Cinderella,1950,04-Mar-50,"Clyde Geronimi, Wilfred Jackson, Hamilton Luske",Nominated for 3 Oscars. Another 6 wins & 4 nominations.,"1,39,378"
Cinderella 2: Dreams Come True,2001,26-Feb-02,John Kafka,7 nominations.,"9,985"
Cinderella 3: A Twist in Time,2007,06-Feb-07,Frank Nissen,N/A,"8,691"
Clock Cleaners,1937,15-Oct-37,Ben Sharpsteen,N/A,"1,987"
Cloud 9,2014,17-Jan-14,Paul Hoen,N/A,"3,482"
Coco,2017,22-Nov-17,"Lee Unkrich, Adrian Molina(co-director)",Won 2 Oscars. Another 108 wins & 36 nominations.,"3,33,411"
,,,,,
College Road Trip,2008,07-Mar-08,Roger Kumble,1 nomination.,"14,974"
Confessions of a Teenage Drama Queen,2004,20-Feb-04,Sara Sugarman,1 win.,"26,686"
Continent 7: Antarctica,2016,15-Nov-16,N/A,N/A,93
Cool Runnings,1993,01-Oct-93,Jon Turteltaub,2 wins & 2 nominations.,"88,123"
Coop and Cami Ask the World,2018–,N/A,N/A,N/A,267
,,,,,
Corn Chips,1951,23-Mar-51,Jack Hannah,N/A,483
Cow Belles,2006,24-Mar-06,Francine McDougall,N/A,"5,625"
Crash & Bernstein,2012–2014,01-Oct-12,N/A,N/A,599
Dadnapped,2009,16-Feb-09,Paul Hoen,N/A,"2,634"
Darby O'Gill and the Little People,1959,22-Jun-60,Robert Stevenson,N/A,"6,664"
Darkwing Duck,1991–1992,06-Sep-91,N/A,1 win & 11 nominations.,"13,689"
Davy Crockett and the River Pirates,1956,18-Jul-56,Norman Foster,N/A,"1,585"
Davy Crockett: King of the Wild Frontier,1955,25-May-55,Norman Foster,N/A,"3,316"
Day & Night,2010,18-Jun-10,Teddy Newton,Nominated for 1 Oscar. Another 3 wins.,"16,108"
Decorating Disney: Holiday Magic,2017,18-Dec-17,N/A,N/A,40
Deep Blue,2003,29-Jan-04,"Andy Byatt, Alastair Fothergill",N/A,"2,791"
Descendants 2,2017,21-Jul-17,Kenny Ortega,3 nominations.,"7,218"
Descendants 3,2019,02-Aug-19,Kenny Ortega,2 nominations.,"4,072"
Destino,2003,05-Aug-03,Dominique Monfery,Nominated for 1 Oscar. Another 6 wins & 1 nomination.,"3,695"
Diana: In Her Own Words,2017,14-Aug-17,"Tom Jennings, David Tillman",2 wins.,"1,291"
Diary of a Future President,2020–,17-Jan-20,N/A,N/A,333
Diary of a Wimpy Kid,2010,19-Mar-10,Thor Freudenthal,5 wins & 9 nominations.,"40,808"
Dinosaur,2000,19-May-00,"Eric Leighton, Ralph Zondag",4 wins & 21 nominations.,"50,895"
Adventures in Babysitting,2016,17-Jun-16,John Schultz,2 nominations.,"2,582"
Amphibia,2019–,14-Jun-19,N/A,N/A,912
Avalon High,2010,12-Nov-10,Stuart Gillard,1 win & 3 nominations.,"5,133"
Bad Hair Day,2015,13-Feb-15,Erik Canuel,N/A,"2,363"
Big Hero 6: The Series,2017–,20-Nov-17,N/A,Nominated for 1 Primetime Emmy. Another 1 win & 3 nominations.,"1,154"
Bizaardvark,2016–2019,24-Jun-16,N/A,2 wins & 7 nominations.,"1,565"
Den Brother,2010,13-Aug-10,Mark L. Taylor,N/A,"1,666"
Descendants,2015,31-Jul-15,Kenny Ortega,Nominated for 1 Primetime Emmy. Another 2 wins & 2 nominations.,"14,470"
Descendants: Wicked World,2015–,18-Sep-15,N/A,1 nomination.,707
,,,,,
The Evermoor Chronicles,2014–,17-Oct-14,N/A,1 nomination.,396
Family Sundays,2019–,12-Nov-19,N/A,N/A,9
Fancy Nancy,2018–,13-Jul-18,N/A,2 nominations.,193
Fast Layne,2019,15-Feb-19,N/A,N/A,144
,,,,,
Girl Vs. Monster,2012,12-Oct-12,Stuart Gillard,1 win & 2 nominations.,"2,403"
Gravity Falls,2012–2016,15-Jun-12,N/A,Won 2 Primetime Emmys. Another 11 wins & 34 nominations.,"63,771"
,,,,,
I Didn't Do It,2014–2015,N/A,N/A,N/A,"2,047"
Insider,2020–,20-Mar-20,N/A,N/A,5
Jake and the Never Land Pirates,2011–2016,14-Feb-11,N/A,3 wins & 9 nominations.,"1,227"
Jonas,2009–2010,02-May-09,N/A,Nominated for 1 Primetime Emmy. Another 5 wins & 6 nominations.,"5,555"
Disney Junior Music Nursery Rhymes,2018–,N/A,N/A,N/A,N/A
K.C. Undercover,2015–2018,18-Jan-15,N/A,Nominated for 2 Primetime Emmys. Another 4 wins & 7 nominations.,"2,979"
,,,,,
Lab Rats: Elite Force,2016–2019,02-Mar-16,N/A,1 win & 1 nomination.,837
Legend of the Three Caballeros,2018–,12-Nov-19,N/A,N/A,153
,,,,,
Mickey Mouse Clubhouse,2006–2016,05-May-06,N/A,1 win & 14 nominations.,"2,253"
Milo Murphy's Law,2016–,03-Oct-16,N/A,6 nominations.,"1,578"
Minnie's Bow-Toons,2011–2016,14-Nov-11,N/A,1 win & 1 nomination.,35
Phineas and Ferb: Star Wars,2014,26-Jul-14,"Robert Hughes, Sue Perrotto",N/A,492
,,,,,
,,,,,
Randy Cunningham: 9th Grade Ninja,2012–2015,13-Aug-12,N/A,1 win & 4 nominations.,652
Raven's Home,2017–,21-Jul-17,N/A,2 wins & 6 nominations.,"2,046"
Star vs. the Forces of Evil,2015–2019,N/A,N/A,5 wins & 13 nominations.,"9,623"
Stuck in the Middle,2016–2018,14-Feb-16,N/A,4 wins & 4 nominations.,"1,291"
Sydney to the Max,2019–,N/A,N/A,N/A,223
Take Two with Phineas and Ferb,2010–,03-Dec-10,N/A,N/A,186
,,,,,
The Lion Guard,2016–,15-Jan-16,N/A,10 nominations.,"1,371"
Under the Sea: A Descendants Story,2018,28-Sep-18,Hasraf Dulull,N/A,181
Vampirina,2017–,01-Oct-17,N/A,1 win & 4 nominations.,530
,,,,,
Adventures of the Gummi Bears,1985–1991,14-Sep-85,N/A,5 nominations.,"8,913"
Disney's Doug,1996–1999,07-Sep-96,N/A,2 nominations.,282
DuckTales,1987–1990,18-Sep-87,N/A,2 wins & 5 nominations.,"27,880"
,,,,,
Holiday Magic,2017,11-Dec-17,N/A,N/A,N/A
Hercules,1998–1999,31-Aug-98,N/A,2 wins & 4 nominations.,"9,244"
Kim Possible,2002–2007,07-Jun-02,N/A,Nominated for 1 Primetime Emmy. Another 1 win & 14 nominations.,"22,207"
Little Einsteins,2005–2009,09-Oct-05,N/A,4 nominations.,"1,143"
Mighty Ducks,1996–1997,06-Sep-96,N/A,1 win & 3 nominations.,"1,155"
Recess,1997–2001,31-Aug-97,N/A,1 win & 13 nominations.,"21,355"
The Emperor's New School,2006–2008,27-Jan-06,N/A,4 wins & 3 nominations.,"3,977"
The Kid,2000,07-Jul-00,Jon Turteltaub,1 win & 3 nominations.,"39,194"
The Little Mermaid,1992–1994,11-Sep-92,N/A,12 nominations.,"3,701"
Disneyland Around the Seasons,1966,N/A,Hamilton Luske,N/A,N/A
African Cats,2011,22-Apr-11,"Keith Scholey, Alastair Fothergill(co-director)",3 nominations.,"6,043"
Bears,2014,18-Apr-14,"Alastair Fothergill, Keith Scholey, Adam Chapman(co-director)",2 nominations.,"6,262"
Born in China,2016,21-Apr-17,Chuan Lu,3 nominations.,"3,316"
Chimpanzee,2012,20-Apr-12,"Alastair Fothergill, Mark Linfield",2 nominations.,"5,708"
The Crimson Wing: Mystery of the Flamingos,2008,25-Sep-09,"Matthew Aeberhard, Leander Ward",1 win & 1 nomination.,"1,024"
Monkey Kingdom,2015,17-Apr-15,"Mark Linfield, Alastair Fothergill(co-director)",2 wins & 1 nomination.,"3,529"
Penguins,2019,17-Apr-19,"Alastair Fothergill, Jeff Wilson",1 nomination.,"1,093"
Disneynature: Wings of Life,2011,16-Apr-13,Louie Schwartzberg,N/A,442
Diving with Dolphins,2020,03-Apr-20,Keith Scholey,N/A,18
Doc McStuffins,2012–,23-Mar-12,N/A,11 wins & 31 nominations.,"1,734"
Doctor Dolittle,1998,26-Jun-98,Betty Thomas,4 wins & 11 nominations.,"89,150"
Dr. Dolittle 2,2001,22-Jun-01,Steve Carr,3 wins & 6 nominations.,"40,531"
Dog Whisperer with Cesar Millan,2004–2016,N/A,N/A,Nominated for 3 Primetime Emmys. Another 2 wins & 2 nominations.,"2,539"
Dog: Impossible,2019–,08-Sep-19,N/A,N/A,N/A
Dolphin Reef,2020,03-Apr-20,Keith Scholey,N/A,566
Don's Fountain of Youth,1953,30-May-53,Jack Hannah,N/A,376
Don't Look Under the Bed,1999,09-Oct-99,Kenneth Johnson,1 nomination.,"2,421"
Donald's Dog Laundry,1940,05-Apr-40,Jack King,N/A,572
Donald's Golf Game,1938,04-Nov-38,Jack King,N/A,764
Donald's Tire Trouble,1943,29-Jan-43,Dick Lundy,N/A,416
Double Dribble,1946,20-Dec-46,Jack Hannah,N/A,318
Double Teamed,2002,18-Jan-02,Duwayne Dunham,N/A,"2,820"
Doug's 1st Movie,1999,26-Mar-99,Maurice Joyce,1 nomination.,"2,868"
"Dr. Oakley, Yukon Vet",2014–,04-Apr-14,N/A,N/A,323
"Dr. T, Lone Star Vet",2019–,13-Oct-19,N/A,N/A,17
Dragon Around,1954,16-Jul-54,Jack Hannah,N/A,345
Drain Alcatraz,2017,19-Dec-17,Wayne Abbott,N/A,13
Drain the Bermuda Triangle,2014,07-Dec-14,Jobim Sampson,N/A,47
Drain the Great Lakes,2011,01-Dec-11,"Wayne Abbott, Crispin Sadler",N/A,10
Drain the Ocean: WWII,2016,19-Sep-16,Mike Slee,N/A,49
Drain the Oceans,2018–,01-May-18,N/A,1 win.,220
Drain the Sunken Pirate City,2017,N/A,Sophie Elwin-Harris,N/A,11
Drain the Titanic,2015,N/A,Jobim Sampson,N/A,41
DuckTales,2017–,12-Aug-17,N/A,2 wins & 12 nominations.,"5,051"
DuckTales the Movie: Treasure of the Lost Lamp,1990,03-Aug-90,Bob Hathcock,1 nomination.,"24,234"
Dug's Special Mission,2009,10-Nov-09,Ronnie Del Carmen,N/A,"5,161"
Dumbo,2019,29-Mar-19,Tim Burton,3 wins & 12 nominations.,"58,882"
,,,,,
Earth Live,2017,09-Jul-17,Glenn Weiss,N/A,24
Easter Island Underworld,2009,09-Jun-09,Geoffrey Luck,N/A,12
Eddie's Million Dollar Cook-Off,2003,18-Jul-03,Paul Hoen,N/A,"2,304"
Eight Below,2006,17-Feb-06,Frank Marshall,2 wins & 2 nominations.,"58,850"
Elena of Avalor,2016–,22-Jul-16,N/A,Nominated for 1 Primetime Emmy. Another 7 wins & 17 nominations.,998
,,,,,
Elephant,2020,03-Apr-20,"Mark Linfield, Vanessa Berlowitz(co-director)",N/A,61
Elmer Elephant,1936,28-Mar-36,Wilfred Jackson,N/A,991
Emil and the Detectives,1964,18-Dec-64,Peter Tewksbury,N/A,390
Empire of Dreams: The Story of the 'Star Wars' Trilogy,2004,20-Sep-04,"Edith Becker, Kevin Burns",Nominated for 1 Primetime Emmy. Another 1 win.,"3,772"
Encore!,2019–,12-Nov-19,N/A,N/A,235
Escape to Witch Mountain,1975,21-Mar-75,John Hough,N/A,"8,810"
Even Stevens,2000–2003,17-Jun-00,N/A,6 wins & 20 nominations.,"13,163"
Expedition Amelia,2019,20-Oct-19,N/A,N/A,10
Expedition Mars,2016,16-Nov-16,N/A,N/A,18
Disney's Fairy Tale Weddings,2017–,11-Dec-17,N/A,1 win.,47
Fantasia,1940,21-Jul-41,"James Algar, Samuel Armstrong, Ford Beebe Jr., Norman Ferguson, David Hand, Jim Handley, T. Hee, Wilfred Jackson, Hamilton Luske, Bill Roberts, Paul Satterfield, Ben Sharpsteen",8 wins & 1 nomination.,"84,999"
Fantasia 2000,1999,16-Jun-00,"James Algar, Gaëtan Brizzi, Paul Brizzi, Hendel Butoy, Francis Glebas, Eric Goldberg, Don Hahn, Pixote Hunt",4 wins & 7 nominations.,"33,785"
Fantastic Four: The Animated Series,1994–1996,24-Sep-94,N/A,N/A,"2,886"
Fantastic Four: World's Greatest Heroes,2006–2010,N/A,N/A,N/A,"1,921"
Ferdinand the Bull,1938,25-Nov-38,Dick Rickard,N/A,"2,254"
Finding Dory,2016,17-Jun-16,"Andrew Stanton, Angus MacLane(co-director)",Nominated for 1 BAFTA Film Award. Another 17 wins & 45 nominations.,"2,27,414"
Finding Nemo,2003,30-May-03,"Andrew Stanton, Lee Unkrich(co-director)",Won 1 Oscar. Another 49 wins & 62 nominations.,"9,11,647"
,,,,,
First Kid,1996,30-Aug-96,David Mickey Evans,1 nomination.,"9,855"
Fish Hooks,2010–2014,28-Aug-10,N/A,2 wins & 1 nomination.,"2,882"
Flight of the Navigator,1986,01-Aug-86,Randal Kleiser,4 nominations.,"42,322"
Float,2019,12-Nov-19,Bobby Rubio,N/A,"1,031"
Flowers and Trees,1932,30-Jul-32,Burt Gillett,N/A,"1,547"
Flubber,1997,26-Nov-97,Les Mayfield,3 wins & 2 nominations.,"81,512"
,,,,,
For the Birds,2000,02-Nov-01,Ralph Eggleston,Won 1 Oscar. Another 5 wins & 2 nominations.,"28,126"
,,,,,
,,,,,
,,,,,
,,,,,
,,,,,
What is Cheese?,2020,03-Jan-20,Bob Peterson,N/A,26
,,,,,
,,,,,
What is Reading?,2020,10-Jan-20,Bob Peterson,N/A,32
,,,,,
Frank and Ollie,1995,20-Oct-95,Theodore Thomas,1 win.,524
Frankenweenie,2012,05-Oct-12,Tim Burton,Nominated for 1 Oscar. Another 11 wins & 49 nominations.,"94,078"
Frankenweenie,1984,21-Dec-84,Tim Burton,1 nomination.,"10,736"
Freaky Friday,1976,21-Jan-77,Gary Nelson,N/A,"11,109"
Freaky Friday,2003,06-Aug-03,Mark Waters,Nominated for 1 Golden Globe. Another 5 wins & 10 nominations.,"1,20,172"
Freaky Friday,2018,10-Aug-18,Steve Carr,N/A,916
Free Solo,2018,13-Dec-18,"Jimmy Chin, Elizabeth Chai Vasarhelyi",Won 1 Oscar. Another 29 wins & 54 nominations.,"46,710"
Frenemies,2012,13-Jan-12,Daisy von Scherler Mayer,3 nominations.,"3,969"
Frozen,2013,27-Nov-13,"Chris Buck, Jennifer Lee",Won 2 Oscars. Another 79 wins & 59 nominations.,"5,51,637"
Frozen II,2019,22-Nov-19,"Chris Buck, Jennifer Lee",Nominated for 1 Oscar. Another 15 wins & 71 nominations.,"1,06,368"
Full-Court Miracle,2003,21-Nov-03,Stuart Gillard,4 nominations.,816
Fun and Fancy Free,1947,12-Mar-48,"Jack Kinney, Hamilton Luske, William Morgan, Bill Roberts",N/A,"6,454"
Fuzzbucket,1986,18-May-86,Mick Garris,1 nomination.,155
G-Force,2009,24-Jul-09,Hoyt Yeatman,1 win & 1 nomination.,"41,151"
Gargoyles,1994–1996,24-Oct-94,N/A,1 win & 11 nominations.,"13,699"
Geek Charming,2011,11-Nov-11,Jeffrey Hornaday,1 nomination.,"10,723"
Genius,1999,21-Aug-99,Rod Daniel,2 nominations.,"1,570"
,,,,,
George of the Jungle,1997,16-Jul-97,Sam Weisman,1 win & 3 nominations.,"68,409"
George of the Jungle 2,2003,20-Oct-03,David Grossman,N/A,"6,039"
Geri's Game,1997,25-Nov-97,Jan Pinkava,Won 1 Oscar. Another 8 wins & 1 nomination.,"21,679"
Get a Clue,2002,20-Jul-02,Maggie Greenwald,N/A,"5,713"
,,,,,
Girl Meets World,2014–2017,27-Jun-14,N/A,Nominated for 3 Primetime Emmys. Another 3 wins & 16 nominations.,"12,220"
Glory Road,2006,13-Jan-06,James Gartner,2 wins & 3 nominations.,"41,442"
Go Figure,2005,10-Jun-05,Francine McDougall,1 nomination.,"3,121"
Going to the Mat,2004,19-Mar-04,Stuart Gillard,1 win & 3 nominations.,"1,212"
Good Luck Charlie,2010–2014,04-Apr-10,N/A,Nominated for 3 Primetime Emmys. Another 4 wins & 20 nominations.,"17,475"
"Good Luck Charlie, It's Christmas!",2011,02-Dec-11,Arlene Sanford,N/A,"4,577"
Goof Troop,1992–1993,05-Sep-92,N/A,1 win & 2 nominations.,"7,293"
Gordon Ramsay: Uncharted,2019–,21-Jul-19,N/A,1 nomination.,316
Gotta Kick It Up!,2002,26-Jul-02,Ramón Menéndez,2 nominations.,"1,551"
,,,,,
The Grasshopper and the Ants,1934,10-Feb-34,Wilfred Jackson,N/A,"1,304"
Great Migrations,2010–,07-Nov-10,N/A,3 wins & 1 nomination.,694
Greyfriars Bobby: The True Story of a Dog,1961,17-Jul-61,Don Chaffey,N/A,"1,203"
Gus,1976,07-Jul-76,Vincent McEveety,N/A,"1,481"
Hacksaw,1971,26-Sep-71,Larry Lansburgh,N/A,36
Halloweentown,1998,17-Oct-98,Duwayne Dunham,2 nominations.,"11,872"
Halloweentown High,2004,08-Oct-04,Mark A.Z. Dippé,N/A,"5,443"
Halloweentown II: Kalabar's Revenge,2001,12-Oct-01,Mary Lambert,2 nominations.,"6,476"
Handy Manny,2006–2013,N/A,N/A,8 wins & 1 nomination.,"1,288"
Hannah Montana,2006–2011,24-Mar-06,N/A,Nominated for 4 Primetime Emmys. Another 20 wins & 24 nominations.,"35,066"
Hannah Montana and Miley Cyrus: Best of Both Worlds Concert,2008,01-Feb-08,Bruce Hendricks,1 win.,"8,392"
Hannah Montana: The Movie,2009,10-Apr-09,Peter Chelsom,6 wins & 10 nominations.,"38,414"
,,,,,
Hatching Pete,2009,24-Apr-09,Stuart Gillard,1 nomination.,"2,324"
Hawaiian Holiday,1937,24-Sep-37,Ben Sharpsteen,N/A,823
Heavyweights,1995,17-Feb-95,Steven Brill,N/A,"24,212"
Henry Hugglemonster,2013–,15-Apr-13,N/A,2 wins & 3 nominations.,312
Herbie Goes Bananas,1980,25-Jun-80,Vincent McEveety,2 nominations.,"4,958"
Herbie Goes to Monte Carlo,1977,24-Jun-77,Vincent McEveety,N/A,"6,553"
Herbie Rides Again,1974,06-Jun-74,Robert Stevenson,N/A,"7,035"
Herbie Fully Loaded,2005,22-Jun-05,Angela Robinson,2 wins & 6 nominations.,"43,653"
Hercules,1997,20-Jun-97,"Ron Clements, John Musker",Nominated for 1 Oscar. Another 9 wins & 15 nominations.,"1,95,894"
High School Musical,2006,20-Jan-06,Kenny Ortega,Won 2 Primetime Emmys. Another 8 wins & 18 nominations.,"77,328"
High School Musical 2,2007,17-Aug-07,Kenny Ortega,Nominated for 2 Primetime Emmys. Another 4 wins & 7 nominations.,"52,782"
High School Musical 3,2008,24-Oct-08,Kenny Ortega,8 wins & 9 nominations.,"55,628"
High School Musical: The Musical - The Series,2019–,12-Nov-19,N/A,1 nomination.,"2,038"
,,,,,
High School Musical: The Musical: The Series: The Special,2019,20-Dec-19,Clayton Cogswell,N/A,14
Hocus Pocus,1993,16-Jul-93,Kenny Ortega,2 wins & 11 nominations.,"89,713"
Holes,2003,18-Apr-03,Andrew Davis,3 wins & 9 nominations.,"74,143"
Home Alone 3,1997,12-Dec-97,Raja Gosnell,3 nominations.,"1,01,062"
Home on the Range,2004,02-Apr-04,"Will Finn, John Sanford",5 nominations.,"19,123"
Homeward Bound II: Lost in San Francisco,1996,08-Mar-96,David R. Ellis,3 nominations.,"13,127"
Homeward Bound: The Incredible Journey,1993,12-Feb-93,Duwayne Dunham,1 nomination.,"40,421"
"Honey, I Blew Up the Kid",1992,17-Jul-92,Randal Kleiser,10 nominations.,"39,775"
"Honey, I Shrunk the Kids",1989,23-Jun-89,Joe Johnston,Won 1 BAFTA Film Award. Another 1 win & 10 nominations.,"1,37,074"
"Honey, We Shrunk Ourselves!",1997,18-Mar-97,Dean Cundey,N/A,"12,439"
Horse Sense,1999,20-Nov-99,Greg Beeman,1 nomination.,"1,485"
Hostile Planet,2019–,01-Apr-19,N/A,Nominated for 2 Primetime Emmys. Another 1 nomination.,382
Hounded,2001,01-Apr-01,Neal Israel,N/A,894
How Dogs Got Their Shapes,2016,17-Apr-16,Keith Haskel,N/A,34
How to Build a Better Boy,2014,15-Aug-14,Paul Hoen,2 nominations.,"2,484"
How to Fish,1942,04-Dec-42,Jack Kinney,N/A,367
How to Play Baseball,1942,04-Sep-42,Jack Kinney,N/A,462
How to Play Football,1944,15-Sep-44,Jack Kinney,N/A,826
How to Swim,1942,23-Oct-42,Jack Kinney,N/A,386
Hulk and the Agents of S.M.A.S.H.,2013–2015,11-Aug-13,N/A,12 nominations.,"2,473"
I'll Be Home for Christmas,1998,13-Nov-98,Arlene Sanford,N/A,"8,812"
Ice Age,2002,15-Mar-02,"Chris Wedge, Carlos Saldanha(co-director)",Nominated for 1 Oscar. Another 5 wins & 29 nominations.,"4,21,204"
Ice Age: The Great Egg-Scapade,2016,20-Mar-16,"Paul Stodolny, Ricardo Curtis, Steve Martino, Mike Thurmeier",N/A,"2,814"
Ice Princess,2005,18-Mar-05,Tim Fywell,N/A,"23,891"
Imagination Movers,2008–,06-Sep-08,N/A,2 wins & 5 nominations.,682
,,,,,
In the Footsteps of Elephant,2020,03-Apr-20,"Vanessa Berlowitz, Tom Stephens(co-director)",N/A,17
Incredible! The Story of Dr. Pol,2015,10-Jan-15,N/A,N/A,N/A
,,,,,
Inside Out,2015,19-Jun-15,"Pete Docter, Ronnie Del Carmen(co-director)",Won 1 Oscar. Another 97 wins & 114 nominations.,"5,77,209"
Inspector Gadget,1999,23-Jul-99,David Kellogg,1 win & 13 nominations.,"43,808"
Inspector Gadget 2,2003,11-Mar-03,Alex Zamm,4 nominations.,"5,423"
Into the Canyon,2019,21-Feb-19,Peter McBride,N/A,94
Into the Okavango,2018,22-Apr-18,Neil Gelinas,1 win & 2 nominations.,183
Invincible,2006,25-Aug-06,Ericson Core,2 nominations.,"63,682"
Invisible Sister,2015,09-Oct-15,Paul Hoen,1 nomination.,"2,240"
Iron Man,1994–1996,24-Sep-94,N/A,N/A,"2,638"
Iron Man: Armored Adventures,2008–2012,N/A,N/A,N/A,"2,671"
Iron Will,1994,14-Jan-94,Charles Haid,N/A,"7,095"
,,,,,
Jack,1996,09-Aug-96,Francis Ford Coppola,6 nominations.,"54,474"
Jack-Jack Attack,2005,11-Jan-08,Brad Bird,1 win & 1 nomination.,"13,829"
James and the Giant Peach,1996,12-Apr-96,Henry Selick,Nominated for 1 Oscar. Another 4 wins & 9 nominations.,"57,814"
Jane,2017,24-Nov-17,Brett Morgen,Won 2 Primetime Emmys. Another 34 wins & 37 nominations.,"3,897"
,,,,,
Jessie,2011–2015,30-Sep-11,N/A,2 wins & 12 nominations.,"11,715"
Episode #2.7,2013,05-Jan-13,N/A,N/A,N/A
John Carter,2012,09-Mar-12,Andrew Stanton,2 wins & 8 nominations.,"2,48,903"
Johnny Kapahala: Back on Board,2007,23-Nov-07,Eric Bross,2 wins.,"1,922"
Johnny Tsunami,1999,24-Jul-99,Steve Boyum,1 nomination.,"4,615"
Jonas Brothers: The 3D Concert Experience,2009,27-Feb-09,Bruce Hendricks,1 win & 4 nominations.,"17,198"
Nature Untamed,2008–,N/A,N/A,N/A,N/A
Journey to the Center of the Earth,1959,01-Dec-59,Henry Levin,Nominated for 3 Oscars. Another 1 win & 2 nominations.,"15,008"
Jump In!,2007,27-Apr-07,Paul Hoen,2 wins & 2 nominations.,"6,574"
Jumping Ship,2001,17-Aug-01,Michael Lange,N/A,"1,603"
Jungle 2 Jungle,1997,07-Mar-97,John Pasquin,3 nominations.,"22,111"
Jungle Cat,1960,19-Oct-60,James Algar,1 win & 1 nomination.,205
Justin Morgan Had a Horse,1972,06-Feb-72,Hollingsworth Morse,N/A,125
Kazaam,1996,17-Jul-96,Paul Michael Glaser,2 nominations.,"22,405"
Kickin' It,2011–2015,13-Jun-11,N/A,2 wins & 8 nominations.,"4,372"
Kim Possible,2019,15-Feb-19,"Zach Lipovsky, Adam B. Stein",N/A,"2,030"
Kim Possible: So the Drama,2005,08-Apr-05,Steve Loter,1 nomination.,"3,728"
,,,,,
Kingdom of the Blue Whale,2009,08-Mar-09,N/A,N/A,77
Kingdom of the White Wolf,2019,25-Aug-19,N/A,N/A,56
Kitbull,2019,18-Feb-19,Rosana Sullivan,Nominated for 1 Oscar. Another 1 win.,"3,834"
,,,,,
Kronk's New Groove,2005,13-Dec-05,"Saul Blinkoff, Elliot M. Bour",8 nominations.,"10,599"
La Luna,2011,22-Jun-12,Enrico Casarosa,Nominated for 1 Oscar. Another 1 win & 1 nomination.,"12,217"
Lab Rats,2012–2016,N/A,N/A,1 win & 5 nominations.,"4,349"
Lady and the Tramp,2019,12-Nov-19,Charlie Bean,4 nominations.,"12,134"
Lady and the Tramp,1955,22-Jun-55,"Clyde Geronimi, Wilfred Jackson, Hamilton Luske",Nominated for 1 BAFTA Film Award. Another 1 win & 1 nomination.,"1,16,990"
Lady and the Tramp 2: Scamp's Adventure,2001,27-Feb-01,"Darrell Rooney, Jeannine Roussel(co-director)",1 win & 7 nominations.,"9,837"
Lambert the Sheepish Lion,1952,08-Feb-52,Jack Hannah,N/A,"1,848"
Lamp Life,2020,31-Jan-20,Valerie LaPointe,N/A,980
,,,,,
Lego Frozen Northern Lights,2016–,01-Nov-16,N/A,N/A,401
Lego Star Wars: All-Stars,2018–,29-Oct-18,N/A,N/A,127
,,,,,
Lego Star Wars: Droid Tales,2015,06-Jul-15,N/A,1 nomination.,617
LEGO Star Wars: The Resistance Rises,2016,15-Feb-16,N/A,N/A,17
Lego Star Wars: The Freemaker Adventures,2016–,20-Jun-16,N/A,1 win & 7 nominations.,680
,,,,,
The New Yoda Chronicles: Clash of the Skywalkers,2014,23-Nov-14,Michael Hegner,N/A,54
The New Yoda Chronicles: Raid on Coruscant,2014,20-Sep-14,Michael Hegner,N/A,65
,,,,,
The New Yoda Chronicles: Escape from the Jedi Temple,2014,04-May-14,Michael Hegner,N/A,161
Lego Star Wars: The Yoda Chronicles,2013–,N/A,N/A,2 nominations.,364
Lemonade Mouth,2011,15-Apr-11,Patricia Riggen,2 nominations.,"13,515"
Lend a Paw,1941,03-Oct-41,Clyde Geronimi,N/A,803
Leroy & Stitch,2006,23-Jun-06,"Tony Craig, Roberts Gannaway",1 nomination.,"4,565"
Let It Shine,2012,01-Jun-12,Paul Hoen,4 wins & 6 nominations.,"2,731"
Let's Stick Together,1952,25-Apr-52,Jack Hannah,N/A,221
Life Below Zero,2013–,19-May-13,N/A,Won 4 Primetime Emmys. Another 5 nominations.,"1,429"
Life Is Ruff,2005,15-Jul-05,Charles Haid,N/A,"1,205"
Life with Mikey,1993,04-Jun-93,James Lapine,2 wins & 2 nominations.,"5,221"
Life-Size 2,2018,02-Dec-18,Steven K. Tsuchida,1 nomination.,727
Lifted,2006,29-Jun-07,Gary Rydstrom,N/A,"17,178"
Lilo & Stitch,2002,21-Jun-02,"Dean DeBlois, Chris Sanders",Nominated for 1 Oscar. Another 10 wins & 26 nominations.,"1,60,264"
Lilo & Stitch: The Series,2003–2006,20-Sep-03,N/A,2 nominations.,"7,344"
Lilo & Stitch 2: Stitch Has a Glitch,2005,30-Aug-05,"Michael LaBash, Tony Leondis",2 wins & 13 nominations.,"11,210"
Lizzie McGuire,2001–2004,12-Jan-01,N/A,Nominated for 2 Primetime Emmys. Another 8 wins & 20 nominations.,"16,649"
Lonesome Ghosts,1937,24-Dec-37,Burt Gillett,N/A,"1,838"
Loop,2020,10-Jan-20,Erica Milsom,N/A,362
Lost Cities with Albert Lin,2019–,01-Oct-19,N/A,N/A,63
,,,,,
Lost Treasures of the Maya,2018–,06-Feb-18,Ben Crichton,N/A,56
Lou,2017,16-Jun-17,Dave Mullins,Nominated for 1 Oscar. Another 2 nominations.,"5,581"
,,,,,
The Luck of the Irish,2001,09-Mar-01,Paul Hoen,N/A,"6,337"
,,,,,
Playdate with Destiny,2020,06-Mar-20,David Silverman,N/A,686
Magician Mickey,1937,06-Feb-37,David Hand,N/A,818
,,,,,
,,,,,
Man Among Cheetahs,2017,11-Dec-17,N/A,N/A,15
Mars Needs Moms,2011,11-Mar-11,Simon Wells,2 nominations.,"20,441"
MARS: Inside SpaceX,2018,12-Nov-18,Julia Reagan,N/A,534
Marvel 75 Years: From Pulp to Pop!,2014,04-Nov-14,Zak Knutson,N/A,594
Spider-Man: The Animated Series,1994–1998,19-Nov-94,N/A,4 nominations.,"24,829"
The Incredible Hulk,1996–1998,08-Sep-96,N/A,1 win.,"2,643"
X-Men: The Animated Series,1992–1997,31-Oct-92,N/A,N/A,"36,206"
Marvel Rising: Battle of the Bands,2019,28-Aug-19,N/A,N/A,85
Marvel Rising: Chasing Ghosts,2019,16-Jan-19,Alfred Gimeno,N/A,242
Marvel Rising: Heart of Iron,2019,31-Mar-19,"Sol Choi, Alfred Gimeno",N/A,306
Marvel Rising: Initiation,2018,13-Aug-18,N/A,N/A,255
Marvel Rising: Operation Shuri,2019,11-Oct-19,"Chris Rutkowski, Eric Radomski",N/A,N/A
Marvel Rising: Playing with Fire,2019,18-Dec-19,"Sol Choi, Eric Radomski",N/A,61
Marvel Rising: Secret Warriors,2018,30-Sep-18,"Alfred Gimeno, Eric Radomski",N/A,854
Marvel Studios: Assembling a Universe,2014,18-Mar-14,N/A,N/A,936
,,,,,
Ant-Man,2015,17-Jul-15,Peyton Reed,Nominated for 1 BAFTA Film Award. Another 3 wins & 33 nominations.,"5,40,523"
Avengers: Age of Ultron,2015,01-May-15,Joss Whedon,8 wins & 47 nominations.,"7,11,205"
Avengers: Endgame,2019,26-Apr-19,"Anthony Russo, Joe Russo",Nominated for 1 Oscar. Another 64 wins & 102 nominations.,"6,94,527"
Black Panther,2018,16-Feb-18,Ryan Coogler,Won 3 Oscars. Another 108 wins & 265 nominations.,"5,79,293"
Captain America: Civil War,2016,06-May-16,"Anthony Russo, Joe Russo",16 wins & 68 nominations.,"6,28,016"
Captain America: The First Avenger,2011,22-Jul-11,Joe Johnston,4 wins & 46 nominations.,"7,11,603"
Captain America: The Winter Soldier,2014,04-Apr-14,"Anthony Russo, Joe Russo",Nominated for 1 Oscar. Another 5 wins & 50 nominations.,"7,06,555"
Captain Marvel,2019,08-Mar-19,"Anna Boden, Ryan Fleck",7 wins & 43 nominations.,"4,06,778"
Doctor Strange,2016,04-Nov-16,Scott Derrickson,Nominated for 1 Oscar. Another 20 wins & 65 nominations.,"5,62,696"
Guardians of the Galaxy,2014,01-Aug-14,James Gunn,Nominated for 2 Oscars. Another 52 wins & 100 nominations.,"10,07,917"
Guardians of the Galaxy Vol. 2,2017,05-May-17,James Gunn,Nominated for 1 Oscar. Another 15 wins & 56 nominations.,"5,37,920"
Iron Man,2008,02-May-08,Jon Favreau,Nominated for 2 Oscars. Another 21 wins & 65 nominations.,"9,10,300"
Iron Man 2,2010,07-May-10,Jon Favreau,Nominated for 1 Oscar. Another 7 wins & 43 nominations.,"6,93,517"
Iron Man 3,2013,03-May-13,Shane Black,Nominated for 1 Oscar. Another 20 wins & 62 nominations.,"7,30,917"
The Avengers,2012,04-May-12,Joss Whedon,Nominated for 1 Oscar. Another 38 wins & 79 nominations.,"12,25,316"
Thor,2011,06-May-11,Kenneth Branagh,5 wins & 30 nominations.,"7,17,145"
Thor: Ragnarok,2017,03-Nov-17,Taika Waititi,6 wins & 48 nominations.,"5,42,938"
Thor: The Dark World,2013,08-Nov-13,Alan Taylor,3 wins & 21 nominations.,"5,71,192"
Marvel Super Hero Adventures,2017–,13-Oct-17,N/A,3 nominations.,63
Ultimate Spider-Man,2012–2017,01-Apr-12,N/A,9 nominations.,"9,725"
Agent Carter,2015–2016,06-Jan-15,N/A,14 nominations.,"69,458"
Ant-Man,2017,10-Jun-17,N/A,N/A,246
Avengers Assemble,2013–,26-May-13,N/A,11 nominations.,"6,168"
,,,,,
Marvel Future Avengers,2017–,22-Jul-17,N/A,N/A,75
Guardians of the Galaxy,2015–,26-Jul-15,N/A,2 wins & 2 nominations.,"2,520"
,,,,,
Marvel's Hero Project,2019–,12-Nov-19,N/A,N/A,97
Inhumans,2017,29-Sep-17,N/A,N/A,"20,672"
Iron Man & Hulk: Heroes United,2013,03-Dec-13,"Eric Radomski, Leo Riley",N/A,"2,012"
Rocket & Groot,2017–,10-Mar-17,N/A,N/A,160
Runaways,2017–2019,21-Nov-17,N/A,3 wins & 4 nominations.,"20,241"
Spider-Man,2017–,29-Jul-17,N/A,1 nomination.,"1,440"
,,,,,
,,,,,
Mary Poppins,1964,18-Jun-65,Robert Stevenson,Won 5 Oscars. Another 15 wins & 17 nominations.,"1,51,417"
Mater and the Ghostlight,2006,25-Oct-06,"John Lasseter, Dan Scanlon(co-director)",N/A,"7,151"
Meet the Deedles,1998,27-Mar-98,Steve Boyum,1 win & 2 nominations.,"2,567"
Meet the Robinsons,2007,30-Mar-07,Stephen J. Anderson,1 win & 10 nominations.,"84,040"
Melody Time,1948,27-May-48,"Clyde Geronimi, Wilfred Jackson, Jack Kinney, Hamilton Luske",1 win.,"4,534"
,,,,,
Mickey Mouse,2013–,12-Mar-13,N/A,Won 7 Primetime Emmys. Another 23 wins & 30 nominations.,"1,772"
The Mickey Mouse Club,1955–1958,17-Jul-55,N/A,Won 1 Golden Globe. Another 1 nomination.,609
Mickey Mouse Mixed-Up Adventures,2017–,15-Jan-17,N/A,4 nominations.,335
"Mickey, Donald, Goofy: The Three Musketeers",2004,17-Aug-04,Donovan Cook,1 win & 5 nominations.,"7,496"
Mickey's Birthday Party,1942,07-Feb-42,Riley Thomson,N/A,607
Mickey's Christmas Carol,1983,16-Dec-83,"Burny Mattinson, Richard Rich",N/A,"9,549"
,,,,,
Mickey's Once Upon a Christmas,1999,09-Nov-99,"Jun Falkenstein, Alex Mann, Bradley Raymond, Toby Shelton, Bill Speers",2 nominations.,"6,247"
Mickey's Rival,1936,20-Jun-36,Wilfred Jackson,N/A,533
Mickey's Trailer,1938,06-May-38,Ben Sharpsteen,N/A,"2,542"
Mickey's Twice Upon a Christmas,2004,09-Nov-04,"Carole Holliday, Matthew O'Callaghan, Theresa Cullen",1 win & 3 nominations.,"3,756"
Mighty Joe Young,1998,25-Dec-98,Ron Underwood,Nominated for 1 Oscar. Another 1 win & 3 nominations.,"26,795"
Mike's New Car,2002,09-Aug-02,"Pete Docter, Roger Gould",N/A,"11,759"
Mission Force One,2015–,06-Feb-15,N/A,1 win & 4 nominations.,416
Millions,2004,29-Apr-05,Danny Boyle,2 wins & 7 nominations.,"24,147"
Minutemen,2008,25-Jan-08,Lev L. Spiro,5 nominations.,"5,182"
Miracle,2004,06-Feb-04,Gavin O'Connor,2 wins & 4 nominations.,"45,667"
Miracle at Midnight,1998,17-May-98,Ken Cameron,3 wins & 1 nomination.,293
Miracle in Lane 2,2000,13-May-00,Greg Beeman,3 wins & 3 nominations.,"1,835"
Miracle Landing on the Hudson,2014,05-Jan-14,Simon George,N/A,67
Miracle on 34th Street,1947,02-Oct-47,George Seaton,Won 3 Oscars. Another 5 wins & 1 nomination.,"38,715"
Mission to the Sun,2018,19-Nov-18,Daniel M. Smith,N/A,51
Moana,2016,23-Nov-16,"Ron Clements, John Musker, Don Hall(co-director), Chris Williams(co-director)",Nominated for 2 Oscars. Another 20 wins & 86 nominations.,"2,50,176"
Mom's Got a Date with a Vampire,2000,13-Oct-00,Steve Boyum,1 win & 3 nominations.,"3,300"
Monsters University,2013,21-Jun-13,Dan Scanlon,Nominated for 1 BAFTA Film Award. Another 9 wins & 57 nominations.,"3,08,588"
"Monsters, Inc.",2001,02-Nov-01,"Pete Docter, David Silverman(co-director), Lee Unkrich(co-director)",Won 1 Oscar. Another 14 wins & 38 nominations.,"7,79,728"
Motocrossed,2001,16-Feb-01,Steve Boyum,3 nominations.,"4,203"
Mr. Boogedy,1986,20-Apr-86,Oz Scott,2 nominations.,1173
Mr. Duck Steps Out,1940,07-Jun-40,Jack King,N/A,511
Mr. Mouse Takes a Trip,1940,01-Nov-40,Clyde Geronimi,N/A,557
Mulan,1998,19-Jun-98,"Tony Bancroft, Barry Cook",Nominated for 1 Oscar. Another 17 wins & 20 nominations.,"2,37,755"
Mulan II,2004,17-Dec-04,"Darrell Rooney, Lynne Southerland",1 nomination.,"20,851"
Muppet Babies,2018–,23-Mar-18,N/A,1 win & 6 nominations.,329
,,,,,
Muppet Moments,2015–,03-Apr-15,N/A,N/A,6
Muppet Treasure Island,1996,16-Feb-96,"Brian Henson, David Lane",5 nominations.,"20,293"
Muppets Most Wanted,2014,21-Mar-14,James Bobin,3 wins & 11 nominations.,"30,336"
"My Dog, the Thief: Part 1",1969,21-Sep-69,Robert Stevenson,N/A,77
My Favorite Martian,1999,12-Feb-99,Donald Petrie,3 nominations.,"12,448"
My Friends Tigger & Pooh,2007–2010,12-May-07,N/A,1 win & 9 nominations.,363
National Treasure,2004,19-Nov-04,Jon Turteltaub,1 win & 9 nominations.,"2,95,236"
National Treasure: Book of Secrets,2007,21-Dec-07,Jon Turteltaub,1 win & 5 nominations.,"2,12,576"
Nature's Half Acre,1951,28-Jul-51,James Algar,Won 1 Oscar. Another 1 nomination.,86
Newsies,1992,10-Apr-92,Kenny Ortega,1 win & 6 nominations.,"18,094"
Disney's Newsies: The Broadway Musical!,2017,16-Feb-17,"Jeff Calhoun, Brett Sullivan",N/A,"1,703"
Noelle,2019,12-Nov-19,Marc Lawrence,N/A,"9,752"
Now You See It...,2005,14-Jan-05,Duwayne Dunham,N/A,"2,047"
Olaf's Frozen Adventure,2017,27-Oct-17,"Kevin Deters, Stevie Wermers",3 nominations.,"10,650"
Old Dogs,2009,25-Nov-09,Walt Becker,5 nominations.,"35,534"
Old Yeller,1957,10-Jul-59,Robert Stevenson,2 wins.,"11,270"
Oliver & Company,1988,18-Nov-88,George Scribner,Nominated for 1 Golden Globe. Another 1 win & 2 nominations.,"41,874"
On Ice,1935,28-Sep-35,Ben Sharpsteen,N/A,"1,056"
Once Upon a Mattress,2005,18-Dec-05,Kathleen Marshall,Nominated for 2 Primetime Emmys. Another 1 nomination.,"1,025"
One Day at Disney,2019–,03-Dec-19,N/A,N/A,155
,,,,,
One Hundred and One Dalmatians,1961,25-Jan-61,"Clyde Geronimi, Hamilton Luske, Wolfgang Reitherman",Won 1 BAFTA Film Award. Another 2 nominations.,"1,46,668"
One Magic Christmas,1985,22-Nov-85,Phillip Borsos,2 wins & 7 nominations.,"2,977"
One Man Band,2005,06-Jun-06,"Mark Andrews, Andrew Jimenez",N/A,"13,993"
One Strange Rock,2018–,26-Mar-18,N/A,1 win & 3 nominations.,"5,420"
Onward,2020,06-Mar-20,Dan Scanlon,1 win.,"45,444"
Operation Dumbo Drop,1995,28-Jul-95,Simon Wincer,N/A,"8,265"
Origins: The Journey of Humankind,2017–,06-Mar-17,N/A,N/A,344
Out of Scale,1951,02-Nov-51,Jack Hannah,N/A,504
Out of the Box,1998–2004,07-Oct-98,N/A,1 nomination.,814
Out There with Jack Randall,2019–,07-Jul-19,N/A,N/A,5
,,,,,
Paris to Pittsburgh,2018,03-Dec-18,"Sidney Beaumont, Michael Bonfiglio",N/A,9
Partly Cloudy,2009,29-May-09,Peter Sohn,N/A,"19,102"
Party Central,2014,21-Mar-14,Kelsey Mann,N/A,"1,480"
Penguins: Life on the Edge,2020,03-Apr-20,"Alastair Fothergill, Jeff Wilson",N/A,6
Perri,1957,28-Aug-57,"Paul Kenworthy, Ralph Wright",Nominated for 1 Oscar. Another 1 win.,272
Pete's Dragon,1977,03-Nov-77,"Don Chaffey, Don Bluth",Nominated for 2 Oscars. Another 4 nominations.,"21,558"
Pete's Dragon,2016,12-Aug-16,David Lowery,3 wins & 7 nominations.,"52,020"
Peter Pan,1953,05-Feb-53,"Clyde Geronimi, Wilfred Jackson, Hamilton Luske, Jack Kinney",2 nominations.,"1,20,707"
Peter Pan 2: Return to Never Land,2002,15-Feb-02,"Robin Budd, Donovan Cook(co-director)",4 nominations.,"17,404"
Phantom of the Megaplex,2000,10-Nov-00,Blair Treu,3 nominations.,"2,570"
Phil of the Future,2004–2006,18-Jun-04,N/A,6 nominations.,"6,479"
Phineas and Ferb,2007–2015,17-Aug-07,N/A,Won 3 Primetime Emmys. Another 1 win & 40 nominations.,"31,287"
Phineas and Ferb the Movie: Across the 2nd Dimension,2011,05-Aug-11,"Robert Hughes, Dan Povenmire, Jay Lender, Jeff 'Swampy' Marsh, Kyle Menke",Nominated for 1 Primetime Emmy. Another 3 wins & 3 nominations.,"7,624"
Phineas and Ferb: Mission Marvel,2013,16-Aug-13,"Robert Hughes, Sue Perrotto",N/A,419
Pick of the Litter,2019–,20-Dec-19,N/A,N/A,N/A
Piglet's Big Movie,2003,21-Mar-03,Francis Glebas,1 nomination.,"6,519"
Pinocchio,1940,23-Feb-40,"Norman Ferguson, T. Hee, Wilfred Jackson, Jack Kinney, Hamilton Luske, Bill Roberts, Ben Sharpsteen",Won 2 Oscars. Another 4 wins.,"1,24,261"
Piper,2016,17-Jun-16,Alan Barillaro,Won 1 Oscar. Another 1 win & 1 nomination.,"24,041"
Pirates of the Caribbean: At World's End,2007,25-May-07,Gore Verbinski,Nominated for 2 Oscars. Another 20 wins & 44 nominations.,"5,77,465"
Pirates of the Caribbean: Dead Man's Chest,2006,07-Jul-06,Gore Verbinski,Won 1 Oscar. Another 43 wins & 53 nominations.,"6,35,041"
Pirates of the Caribbean: On Stranger Tides,2011,20-May-11,Rob Marshall,3 wins & 31 nominations.,"4,65,510"
Pirates of the Caribbean: The Curse of the Black Pearl,2003,09-Jul-03,Gore Verbinski,Nominated for 5 Oscars. Another 38 wins & 98 nominations.,"9,92,127"
Pixar in Real Life,2019–,12-Nov-19,N/A,N/A,193
Pixel Perfect,2004,16-Jan-04,Mark A.Z. Dippé,N/A,"3,085"
PJ Masks,2015–,18-Sep-15,N/A,2 wins & 6 nominations.,696
,,,,,
,,,,,
Pluto's Christmas Tree,1952,21-Nov-52,Jack Hannah,N/A,"2,023"
Pluto's Party,1952,19-Sep-52,Milt Schaffer,N/A,383
Pluto's Purchase,1948,09-Jul-48,Charles A. Nichols,N/A,138
,,,,,
,,,,,
Pocahontas,1995,23-Jun-95,"Mike Gabriel, Eric Goldberg",Won 2 Oscars. Another 13 wins & 7 nominations.,"1,63,209"
Pocahontas II: Journey to a New World,1998,25-Aug-98,"Tom Ellery, Bradley Raymond",1 nomination.,"13,201"
Pollyanna,1960,19-May-60,David Swift,Won 1 Golden Globe. Another 1 win & 1 nomination.,"8,533"
Pooh's Grand Adventure: The Search for Christopher Robin,1997,05-Aug-97,Karl Geurs,5 nominations.,"4,850"
Pooh's Heffalump Movie,2005,11-Feb-05,Frank Nissen,1 nomination.,"6,031"
,,,,,
Presto,2008,27-Jun-08,Doug Sweetland,Nominated for 1 Oscar. Another 1 nomination.,"21,778"
Primal Survivor,2016–,21-Jan-16,N/A,N/A,163
Princess Protection Program,2009,26-Jun-09,Allison Liddi-Brown,3 wins & 3 nominations.,"20,758"
Prom,2011,29-Apr-11,Joe Nussbaum,1 nomination.,"14,569"
Prowlers of the Everglades,1953,23-Jul-53,James Algar,N/A,42
Puppy Dog Pals,2017–,14-Apr-17,N/A,1 win & 2 nominations.,611
Purl,2018,04-Feb-19,Kristen Lester,1 win & 1 nomination.,"1,158"
Quack Pack,1996–1997,02-Sep-96,N/A,N/A,"3,478"
Queen of Katwe,2016,30-Sep-16,Mira Nair,2 wins & 20 nominations.,"14,265"
Quints,2000,18-Aug-00,Bill Corcoran,2 nominations.,"2,030"
Ratatouille,2007,29-Jun-07,"Brad Bird, Jan Pinkava(co-director)",Won 1 Oscar. Another 66 wins & 42 nominations.,"6,12,483"
Read It and Weep,2006,21-Jul-06,Paul Hoen,2 nominations.,"4,915"
Ready to Run,2000,14-Jul-00,Duwayne Dunham,1 nomination.,282
Recess: All Growed Down,2003,09-Dec-03,"Howy Parkins, Brenda Piluso, Chuck Sheetz",N/A,571
Recess: School's Out,2001,16-Feb-01,Chuck Sheetz,N/A,"9,032"
Recess: Taking the Fifth Grade,2003,09-Dec-03,Howy Parkins,N/A,"1,759"
Red Tails,2012,20-Jan-12,Anthony Hemingway,2 wins & 9 nominations.,"32,647"
Red's Dream,1987,06-Jul-87,John Lasseter,N/A,"6,019"
Remember the Titans,2000,29-Sep-00,Boaz Yakin,8 wins & 18 nominations.,"1,90,945"
,,,,,
Return from Witch Mountain,1978,10-Mar-78,John Hough,N/A,"4,201"
Return to Halloweentown,2006,20-Oct-06,David Jackson,Nominated for 1 Primetime Emmy. Another 2 nominations.,"5,338"
Return to Oz,1985,21-Jun-85,Walter Murch,Nominated for 1 Oscar. Another 5 nominations.,"23,581"
Richie Rich's Christmas Wish,1998,10-Nov-98,John Murlowski,N/A,"1,960"
Right on Track,2003,21-Mar-03,Duwayne Dunham,N/A,"1,087"
,,,,,
Rip Girls,2000,22-Apr-00,Joyce Chopra,2 nominations.,"1,135"
Robin Hood,1973,08-Nov-73,"Wolfgang Reitherman, David Hand",Nominated for 1 Oscar. Another 1 win & 1 nomination.,"1,10,712"
Rocky Mountain Animal Rescue,2018,03-Mar-18,N/A,N/A,5
Rogue One: A Star Wars Story,2016,16-Dec-16,Gareth Edwards,Nominated for 2 Oscars. Another 24 wins & 80 nominations.,"5,26,836"
Rookie of the Year,1993,07-Jul-93,Daniel Stern,1 win & 1 nomination.,"23,711"
Roving Mars,2006,27-Jan-06,George Butler,1 win & 1 nomination.,968
Ruby Bridges,1998,18-Jan-98,Euzhan Palcy,4 wins & 4 nominations.,607
Running Wild with Bear Grylls,2014–,28-Jul-14,N/A,N/A,"2,122"
Sacred Planet,2004,22-Apr-04,Jon Long,N/A,259
Saludos Amigos,1942,06-Feb-43,"Wilfred Jackson, Jack Kinney, Hamilton Luske, Bill Roberts, Norman Ferguson",Nominated for 3 Oscars. Another 1 win.,"4,784"
"Sammy, the Way-Out Seal: Part 1",1962,28-Oct-62,Norman Tokar,N/A,140
Sanjay's Super Team,2015,25-Nov-15,Sanjay Patel,Nominated for 1 Oscar. Another 2 nominations.,"3,879"
Santa Paws 2: The Santa Pups,2012,20-Nov-12,Robert Vince,1 win.,"1,100"
Santa's Workshop,1932,10-Dec-32,Wilfred Jackson,N/A,"1,320"
Saving Mr. Banks,2013,20-Dec-13,John Lee Hancock,Nominated for 1 Oscar. Another 14 wins & 72 nominations.,"1,47,182"
Science Fair,2018,19-Oct-18,"Cristina Costantini, Darren Foster",N/A,331
Sea of Hope: America's Underwater Treasures,2017,01-Jan-17,Robert Nixon,N/A,N/A
Sea Scouts,1939,30-Jun-39,Dick Lundy,N/A,556
Secret of the Wings,2012,14-Dec-12,"Roberts Gannaway, Peggy Holmes",1 win & 5 nominations.,"10,155"
Secretariat,2010,08-Oct-10,Randall Wallace,4 wins & 6 nominations.,"25,455"
The Secret of Christ's Tomb,2017,03-Dec-17,Robert Strange,N/A,7
Secrets of Life,1956,06-Nov-56,James Algar,1 win.,126
Secrets of the King Cobra,2010,10-Apr-10,N/A,N/A,6
Secrets of the Zoo,2018–,29-Jul-18,N/A,N/A,76
,,,,,
Shake It Up,2010–2013,07-Nov-10,N/A,3 wins & 18 nominations.,"10,911"
Sharks of Lost Island,2013,01-Nov-13,Neil Gelinas,N/A,N/A
Sharpay's Fabulous Adventure,2011,19-Apr-11,Michael Lembeck,1 nomination.,"5,651"
Sheriff Callie's Wild West,2014–,20-Jan-14,N/A,4 nominations.,503
Shipwrecked,1990,01-Mar-91,Nils Gaup,3 nominations.,"2,364"
Shop Class,2020–,28-Feb-20,N/A,N/A,16
Silver Surfer,1998,07-Feb-98,N/A,1 nomination.,"1,778"
The Simpsons Movie,2007,27-Jul-07,David Silverman,Nominated for 1 Golden Globe. Another 5 wins & 33 nominations.,"3,02,244"
Sister Act,1992,29-May-92,Emile Ardolino,Nominated for 2 Golden Globes. Another 9 wins & 8 nominations.,"83,764"
Sister Act 2: Back in the Habit,1993,10-Dec-93,Bill Duke,1 win & 3 nominations.,"47,046"
Skyrunners,2009,27-Nov-09,Ralph Hemecker,1 win & 1 nomination.,"1,022"
Sleeping Beauty,1959,25-Dec-59,"Clyde Geronimi, Les Clark, Hamilton Luske, Wolfgang Reitherman",Nominated for 1 Oscar. Another 4 wins & 5 nominations.,"1,29,694"
Smart Guy,1997–1999,26-Mar-97,N/A,7 nominations.,"4,198"
Smart House,1999,26-Jun-99,LeVar Burton,2 nominations.,"5,998"
Smash and Grab,2019,11-Feb-19,Brian Larsen,N/A,399
Snow Dogs,2002,18-Jan-02,Brian Levant,1 win.,"24,563"
Snow White and the Seven Dwarfs,1937,04-Feb-38,"William Cottrell, David Hand, Wilfred Jackson, Larry Morey, Perce Pearce, Ben Sharpsteen",Nominated for 1 Oscar. Another 11 wins & 5 nominations.,"1,74,379"
Snowball Express,1972,22-Jun-73,Norman Tokar,N/A,"1,355"
Snowglobe,2007,15-Dec-07,Ron Lagomarsino,1 win.,"2,043"
So Weird,1999–2001,18-Jan-99,N/A,7 nominations.,"2,519"
Society Dog Show,1939,03-Feb-39,Bill Roberts,N/A,350
Sonny with a Chance,2009–2011,08-Feb-09,N/A,2 wins & 6 nominations.,"10,074"
Soy Luna,2016–,14-Mar-16,N/A,N/A,833
Spider-Man,1981–1982,12-Sep-81,N/A,N/A,943
Spider-Man and His Amazing Friends,1981–1986,12-Sep-81,N/A,1 nomination.,"2,704"
Spider-Man Unlimited,1999–2005,02-Oct-99,N/A,N/A,"2,517"
Spider-Woman,1979–1980,22-Sep-79,N/A,N/A,438
Splash,1984,09-Mar-84,Ron Howard,Nominated for 1 Oscar. Another 2 wins & 8 nominations.,"65,908"
Star Wars: Forces of Destiny,2017–,03-Jul-17,N/A,1 win.,"1,105"
Star Wars Rebels,2014–2018,26-Sep-14,N/A,Nominated for 4 Primetime Emmys. Another 7 wins & 25 nominations.,"24,977"
,,,,,
Star Wars Resistance,2018–,01-Oct-18,N/A,Nominated for 1 Primetime Emmy. Another 1 win & 1 nomination.,"3,403"
Star Wars: Episode IV - A New Hope,1977,25-May-77,George Lucas,Won 6 Oscars. Another 52 wins & 28 nominations.,"11,88,658"
Star Wars: Episode II - Attack of the Clones,2002,16-May-02,George Lucas,Nominated for 1 Oscar. Another 19 wins & 63 nominations.,"6,13,768"
Star Wars Blips,2017,03-May-17,N/A,N/A,29
Star Wars: Episode VI - Return of the Jedi,1983,25-May-83,Richard Marquand,Nominated for 4 Oscars. Another 22 wins & 16 nominations.,"9,12,250"
Star Wars: Episode III - Revenge of the Sith,2005,19-May-05,George Lucas,Nominated for 1 Oscar. Another 26 wins & 61 nominations.,"6,81,075"
Star Wars: The Clone Wars,2008–2020,03-Oct-08,N/A,23 wins & 68 nominations.,"47,308"
Star Wars: The Clone Wars,2008,15-Aug-08,Dave Filoni,2 nominations.,"53,973"
Star Wars: Episode V - The Empire Strikes Back,1980,20-Jun-80,Irvin Kershner,Won 1 Oscar. Another 24 wins & 20 nominations.,"11,09,656"
Star Wars: Episode VII - The Force Awakens,2015,18-Dec-15,J.J. Abrams,Nominated for 5 Oscars. Another 62 wins & 125 nominations.,"8,33,706"
Star Wars: Episode VIII - The Last Jedi,2017,15-Dec-17,Rian Johnson,Nominated for 4 Oscars. Another 22 wins & 88 nominations.,"5,32,835"
Star Wars: Episode I - The Phantom Menace,1999,19-May-99,George Lucas,Nominated for 3 Oscars. Another 26 wins & 65 nominations.,"6,98,744"
,,,,,
Stargirl,2020,13-Mar-20,Julia Hart,N/A,"2,130"
StarStruck,2010,14-Feb-10,Michael Grossman,2 nominations.,"12,305"
Steamboat Willie,1928,01-Jan-29,"Ub Iwerks, Walt Disney",1 win.,"6,678"
Stepsister from Planet Weird,2000,17-Jun-00,Steve Boyum,N/A,"1,317"
Stitch! The Movie,2003,25-Aug-03,"Tony Craig, Roberts Gannaway",2 nominations.,"7,622"
Stonehenge: Decoded,2008,01-May-08,Christopher Spencer,1 nomination.,133
Stuck in the Suburbs,2004,16-Jul-04,Savage Steve Holland,N/A,"3,395"
The Sultan and the Rock Star,1980,20-Apr-80,N/A,N/A,12
Super Buddies,2013,27-Aug-13,Robert Vince,1 win.,"1,089"
Super Rhino,2009,22-Mar-09,Nathan Greno,N/A,854
Supercar Superbuild,2014–,08-Oct-14,N/A,N/A,40
Swiss Family Robinson,1940,08-Feb-40,Edward Ludwig,N/A,324
Swiss Family Robinson,1960,21-Dec-60,Ken Annakin,N/A,"13,189"
TaleSpin,1990–1991,07-Sep-90,N/A,Won 1 Primetime Emmy. Another 5 nominations.,"12,743"
Tall Tale,1995,24-Mar-95,Jeremiah S. Chechik,N/A,"3,246"
Tangled,2010,24-Nov-10,"Nathan Greno, Byron Howard",Nominated for 1 Oscar. Another 10 wins & 40 nominations.,"3,90,220"
Tangled: Before Ever After,2017,10-Mar-17,"Tom Caulfield, Stephen Sandoval",1 win & 5 nominations.,"1,861"
Tangled: The Series,2017–2020,24-Mar-17,N/A,5 wins & 9 nominations.,"1,598"
Tarzan & Jane,2002,23-Jul-02,"Steve Loter, Victor Cook, Don MacKinnon, Lisa Schaffer(co-director)",4 nominations.,"5,264"
Teacher's Pet,2004,16-Jan-04,Timothy Björklund,2 nominations.,"1,471"
Teacher's Pet,2000–2005,01-Sep-00,N/A,8 wins & 4 nominations.,378
Teen Beach 2,2015,26-Jun-15,Jeffrey Hornaday,2 wins & 3 nominations.,"3,331"
Teen Beach Movie,2013,19-Jul-13,Jeffrey Hornaday,2 nominations.,"8,886"
Teen Spirit,2011,07-Aug-11,Gil Junger,N/A,"6,775"
That Darn Cat,1997,14-Feb-97,Bob Spiers,2 nominations.,"3,952"
That Darn Cat!,1965,02-Dec-65,Robert Stevenson,6 nominations.,"5,542"
That's So Raven,2003–2007,17-Jan-03,N/A,Nominated for 2 Primetime Emmys. Another 14 wins & 29 nominations.,"16,953"
The Absent Minded Professor,1961,16-Mar-61,Robert Stevenson,Nominated for 3 Oscars. Another 1 win & 5 nominations.,"6,856"
,,,,,
The Adventures of Bullwhip Griffin,1967,08-Mar-67,James Neilson,N/A,603
The Adventures of Huck Finn,1993,02-Apr-93,Stephen Sommers,N/A,"7,451"
The Adventures of Ichabod and Mr. Toad,1949,06-Jan-50,"James Algar, Clyde Geronimi, Jack Kinney",N/A,"11,917"
The Adventures of Spin and Marty,1955–,04-Nov-55,N/A,N/A,166
The African Lion,1955,14-Sep-55,James Algar,3 wins.,286
The Apple Dumpling Gang,1975,01-Jul-75,Norman Tokar,N/A,"4,710"
The Apple Dumpling Gang Rides Again,1979,27-Jun-79,Vincent McEveety,N/A,"2,270"
The Aristocats,1970,24-Dec-70,Wolfgang Reitherman,3 wins.,"89,029"
The Art of Skiing,1941,14-Nov-41,"Jack Kinney, Bill Roberts",N/A,"1,061"
The Avengers: Earth's Mightiest Heroes,2010–2012,22-Sep-10,N/A,8 nominations.,"12,505"
Avengers: United They Stand,1999–2000,30-Oct-99,N/A,N/A,682
The Band Concert,1935,23-Feb-35,Wilfred Jackson,1 win.,"2,714"
The Bears and I,1974,31-Jul-74,Bernard McEveety,N/A,253
The BFG,2016,01-Jul-16,Steven Spielberg,4 wins & 25 nominations.,"73,906"
The Big Bad Wolf,1934,14-Apr-34,Burt Gillett,N/A,"1,381"
The Biscuit Eater,1972,22-Mar-72,Vincent McEveety,N/A,281
The Black Cauldron,1985,24-Jul-85,"Ted Berman, Richard Rich",N/A,"29,395"
The Black Hole,1979,21-Dec-79,Gary Nelson,Nominated for 2 Oscars. Another 6 nominations.,"22,422"
The Blue Umbrella,2013,21-Jun-13,Saschka Unseld,1 nomination.,"8,311"
,,,,,
The Book of Pooh,2001–2004,22-Jan-01,N/A,1 win & 3 nominations.,412
The Boy Who Talked to Badgers,1975,14-Sep-75,Gary Nelson,N/A,25
The Brave Little Toaster Goes to Mars,1998,18-May-98,"Robert C. Ramirez, Patrick A. Ventura",2 nominations.,"1,333"
The Castaway Cowboy,1974,01-Aug-74,Vincent McEveety,N/A,421
The Cat from Outer Space,1978,09-Jun-78,Norman Tokar,1 nomination.,"4,162"
The Cheetah Girls,2003,15-Aug-03,Oz Scott,6 nominations.,"6,690"
The Cheetah Girls 2,2006,25-Aug-06,Kenny Ortega,2 nominations.,"5,512"
The Cheetah Girls: One World,2008,22-Aug-08,Paul Hoen,2 nominations.,"3,779"
The Christmas Star,1986,14-Dec-86,Alan Shapiro,N/A,345
The Chronicles of Narnia: Prince Caspian,2008,16-May-08,Andrew Adamson,2 wins & 20 nominations.,"1,87,627"
"The Chronicles of Narnia: The Lion, the Witch and the Wardrobe",2005,09-Dec-05,Andrew Adamson,Won 1 Oscar. Another 17 wins & 46 nominations.,"3,53,342"
The Color of Friendship,2000,05-Feb-00,Kevin Hooks,Won 1 Primetime Emmy. Another 4 wins & 3 nominations.,"3,027"
The Computer Wore Tennis Shoes,1969,24-Dec-69,Robert Butler,N/A,"4,208"
The Country Bears,2002,26-Jul-02,Peter Hastings,4 nominations.,"4,769"
,,,,,
,,,,,
The Emperor's New Groove,2000,15-Dec-00,Mark Dindal,Nominated for 1 Oscar. Another 7 wins & 26 nominations.,"1,71,721"
The Even Stevens Movie,2003,13-Jun-03,Sean McNamara,1 win & 5 nominations.,"6,241"
The Finest Hours,2016,29-Jan-16,Craig Gillespie,2 wins.,"59,000"
The Flood,2018,25-Nov-18,N/A,N/A,24
The Fox and the Hound,1981,10-Jul-81,"Ted Berman, Richard Rich, Art Stevens, David Hand, Wolfgang Reitherman",1 win & 2 nominations.,"81,227"
The Fox and the Hound 2,2006,11-Dec-06,Jim Kammerud,1 win.,"3,961"
The Game Plan,2007,28-Sep-07,Andy Fickman,3 nominations.,"56,291"
The Ghosts of Buxley Hall,1980,21-Dec-80,Bruce Bilson,N/A,97
The Goddess of Spring,1934,03-Nov-34,Wilfred Jackson,N/A,483
The Golden Touch,1935,22-Mar-35,Walt Disney,N/A,856
The Good Dinosaur,2015,25-Nov-15,Peter Sohn,Nominated for 1 Golden Globe. Another 9 wins & 40 nominations.,"97,413"
The Great Mouse Detective,1986,02-Jul-86,"Ron Clements, Burny Mattinson, David Michener, John Musker",1 win & 3 nominations.,"42,723"
The Great Muppet Caper,1981,26-Jun-81,Jim Henson,Nominated for 1 Oscar. Another 1 nomination.,"12,993"
The Greatest Game Ever Played,2005,30-Sep-05,Bill Paxton,3 nominations.,"26,823"
The Haunted Mansion,2003,26-Nov-03,Rob Minkoff,1 win & 4 nominations.,"40,276"
The Hockey Champ,1939,28-Apr-39,Jack King,N/A,756
The Hunchback of Notre Dame,1996,21-Jun-96,"Gary Trousdale, Kirk Wise",Nominated for 1 Oscar. Another 8 wins & 21 nominations.,"1,35,545"
The Hunchback of Notre Dame 2: The Secret of the Bell,2002,19-Mar-02,Bradley Raymond,2 wins & 12 nominations.,"5,645"
The Imagineering Story,2019–,12-Nov-19,N/A,N/A,"1,194"
The Incredible Dr. Pol,2011–,N/A,N/A,N/A,999
Blue Ribbon Kids,2016,13-Aug-16,N/A,N/A,N/A
The Incredible Journey,1963,20-Nov-63,Fletcher Markle,N/A,"3,702"
The Incredibles,2004,05-Nov-04,Brad Bird,Won 2 Oscars. Another 65 wins & 56 nominations.,"6,33,057"
The Journey of Natty Gann,1985,27-Sep-85,Jeremy Kagan,Nominated for 1 Oscar. Another 1 win & 2 nominations.,"4,848"
The Jungle Book,1967,18-Oct-67,"Wolfgang Reitherman, James Algar, Jack Kinney",Nominated for 1 Oscar. Another 4 wins & 3 nominations.,"1,59,903"
The Jungle Book 2,2003,14-Feb-03,Steve Trenbirth,1 win & 9 nominations.,"14,354"
The Jungle Book: Mowgli's Story,1998,28-Sep-98,Nick Marck,N/A,625
The Last Song,2010,31-Mar-10,Julie Anne Robinson,4 wins & 10 nominations.,"78,380"
The Legend of Mor'du,2012,05-Dec-12,Brian Larsen,N/A,"1,084"
The Lion King,2019,19-Jul-19,Jon Favreau,Nominated for 1 Oscar. Another 14 wins & 32 nominations.,"1,89,877"
The Lion King 3: Hakuna Matata,2004,10-Feb-04,Bradley Raymond,6 wins & 10 nominations.,"35,523"
The Lion King 2: Simba's Pride,1998,27-Oct-98,"Darrell Rooney, Rob LaDuca(co-director)",3 wins & 3 nominations.,"58,256"
The Lion King,1994,24-Jun-94,"Roger Allers, Rob Minkoff",Won 2 Oscars. Another 35 wins & 34 nominations.,"9,01,362"
The Little Mermaid,1989,17-Nov-89,"Ron Clements, John Musker",Won 2 Oscars. Another 10 wins & 8 nominations.,"2,27,707"
The Little Mermaid 2: Return to the Sea,2000,19-Sep-00,"Jim Kammerud, Brian Smith(co-director)",4 nominations.,"16,648"
The Little Mermaid: Ariel's Beginning,2008,25-Aug-08,Peggy Holmes,2 nominations.,"8,001"
,,,,,
The Living Desert,1953,10-Nov-53,James Algar,Won 1 Oscar. Another 6 wins & 2 nominations.,"1,139"
Lizzie McGuire,2003,02-May-03,Jim Fall,2 wins & 3 nominations.,"34,463"
The Lodge,2016–,17-Oct-16,N/A,N/A,345
The Lost Tomb of Alexander the Great,2019,04-Mar-19,Duncan Singh,N/A,32
The Love Bug,1968,13-Mar-69,Robert Stevenson,1 win & 2 nominations.,"13,617"
The Mandalorian,2019–,12-Nov-19,N/A,5 wins & 10 nominations.,"1,57,153"
The Many Adventures of Winnie the Pooh,1977,11-Mar-77,"John Lounsbery, Wolfgang Reitherman, Ben Sharpsteen",1 nomination.,"31,065"
The Million Dollar Duck,1971,30-Jun-71,Vincent McEveety,N/A,"1,886"
The Mistle-Tones,2012,09-Dec-12,Paul Hoen,N/A,"1,843"
The Muppet Christmas Carol,1992,11-Dec-92,Brian Henson,2 wins & 1 nomination.,"45,861"
The Muppet Movie,1979,22-Jun-79,James Frawley,Nominated for 2 Oscars. Another 4 wins & 9 nominations.,"31,198"
The Muppets,2011,23-Nov-11,James Bobin,Won 1 Oscar. Another 16 wins & 43 nominations.,"84,999"
The Muppets.,2015–2016,21-Jul-15,N/A,Nominated for 1 Primetime Emmy. Another 3 wins & 3 nominations.,"5,614"
The New Adventures of Winnie the Pooh,1988–1991,17-Jan-88,N/A,5 wins & 5 nominations.,"3,077"
The New Neighbor,1953,01-Aug-53,Jack Hannah,N/A,292
The Odd Life of Timothy Green,2012,15-Aug-12,Peter Hedges,1 win & 8 nominations.,"43,976"
The Old Mill,1937,05-Nov-37,Wilfred Jackson,Won 1 Oscar. Another 1 win.,"3,165"
The Olympic Champ,1942,09-Oct-42,Jack Kinney,N/A,634
The Olympic Elk,1952,13-Feb-52,James Algar,N/A,40
The Other Me,2000,08-Sep-00,Manny Coto,2 wins & 1 nomination.,"1,741"
The Parent Trap,1961,21-Jun-61,David Swift,Nominated for 2 Oscars. Another 2 wins & 6 nominations.,"18,041"
The Parent Trap,1998,29-Jul-98,Nancy Meyers,2 wins & 7 nominations.,"1,14,898"
The Pied Piper,1933,16-Sep-33,Wilfred Jackson,1 win.,659
The Plausible Impossible,1956,31-Oct-56,"William Beaudine, Wilfred Jackson",N/A,14
The Poof Point,2001,14-Sep-01,Neal Israel,N/A,466
The Prince and the Pauper,1962,06-Jan-81,Don Chaffey,N/A,33
The Prince and the Pauper,1990,16-Nov-90,George Scribner,N/A,"2,791"
The Princess and the Frog,2009,11-Dec-09,"Ron Clements, John Musker",Nominated for 3 Oscars. Another 11 wins & 38 nominations.,"1,17,082"
The Princess Bride,1987,09-Oct-87,Rob Reiner,Nominated for 1 Oscar. Another 7 wins & 8 nominations.,"3,77,085"
The Princess Diaries,2001,03-Aug-01,Garry Marshall,3 wins & 11 nominations.,"1,23,037"
The Princess Diaries 2: Royal Engagement,2004,11-Aug-04,Garry Marshall,1 win & 2 nominations.,"70,904"
The Proud Family,2001–2005,15-Sep-01,N/A,6 wins & 23 nominations.,"5,951"
The Proud Family Movie,2005,19-Aug-05,Bruce W. Smith,3 nominations.,"1,430"
The Reluctant Dragon,1941,20-Jun-41,"Alfred L. Werker, Hamilton Luske, Jack Cutting, Ub Iwerks, Jack Kinney",N/A,"2,403"
The Replacements,2006–2009,28-Jul-06,N/A,1 nomination.,"2,409"
The Rescuers,1977,22-Jun-77,"John Lounsbery, Wolfgang Reitherman, Art Stevens",Nominated for 1 Oscar. Another 2 wins.,"55,743"
The Rescuers Down Under,1990,16-Nov-90,"Hendel Butoy, Mike Gabriel",6 wins.,"36,509"
The Rocketeer,1991,21-Jun-91,Joe Johnston,1 win & 6 nominations.,"50,945"
The Rookie,2002,29-Mar-02,John Lee Hancock,5 wins & 4 nominations.,"31,236"
The Sandlot: Heading Home,2007,01-May-07,William Dear,N/A,"1,746"
The Santa Clause,1994,11-Nov-94,John Pasquin,2 wins & 8 nominations.,"91,389"
The Santa Clause 2,2002,01-Nov-02,Michael Lembeck,1 win & 3 nominations.,"47,866"
The Santa Clause 3: The Escape Clause,2006,03-Nov-06,Michael Lembeck,4 wins & 9 nominations.,"31,254"
The Scream Team,2002,11-Oct-02,Stuart Gillard,N/A,774
The Secret of the Magic Gourd,2007,29-Jun-07,Frankie Chung,1 win & 1 nomination.,490
The Shaggy D.A.,1976,17-Dec-76,Robert Stevenson,N/A,"2,468"
The Shaggy Dog,1959,19-Mar-59,Charles Barton,1 win & 1 nomination.,"4,080"
The Sign of Zorro,1958,11-Jun-60,"Lewis R. Foster, Norman Foster",N/A,645
,,,,,
The Simpsons,1989–,17-Dec-89,N/A,Nominated for 1 Golden Globe. Another 168 wins & 302 nominations.,"3,28,282"
The Small One,1978,16-Dec-78,Don Bluth,N/A,"1,181"
The Sound of Music,1965,01-Apr-65,Robert Wise,Won 5 Oscars. Another 12 wins & 13 nominations.,"1,94,154"
The Story of Robin Hood and His Merrie Men,1952,26-Jun-52,Ken Annakin,N/A,"1,281"
The Straight Story,1999,03-Nov-99,David Lynch,Nominated for 1 Oscar. Another 19 wins & 39 nominations.,"77,452"
The Strongest Man in the World,1975,06-Feb-75,Vincent McEveety,N/A,"2,531"
The Suite Life Movie,2011,25-Mar-11,Sean McNamara,N/A,"3,051"
The Suite Life of Zack & Cody,2005–2008,18-Mar-05,N/A,Nominated for 3 Primetime Emmys. Another 8 wins & 20 nominations.,"30,964"
The Suite Life on Deck,2008–2011,26-Sep-08,N/A,6 wins & 5 nominations.,"14,716"
The Super Hero Squad Show,2009–2011,14-Sep-09,N/A,N/A,"1,410"
The Swap,2016,07-Oct-16,Jay Karas,3 nominations.,"1,522"
The Sword in the Stone,1963,21-Jun-64,"Wolfgang Reitherman, Clyde Geronimi, David Hand",Nominated for 1 Oscar. Another 1 win.,"85,169"
The Thirteenth Year,1999,15-May-99,Duwayne Dunham,1 nomination.,"4,525"
The Three Caballeros,1944,22-Feb-45,"Norman Ferguson, Clyde Geronimi, Jack Kinney, Bill Roberts, Harold Young",Nominated for 2 Oscars. Another 1 nomination.,"11,541"
The Three Musketeers,1993,12-Nov-93,Stephen Herek,2 wins & 3 nominations.,"48,683"
The Tigger Movie,2000,11-Feb-00,Jun Falkenstein,4 nominations.,"16,402"
The Tortoise and the Hare,1935,05-Jan-35,Wilfred Jackson,N/A,"2,028"
The Ugly Dachshund,1966,16-Feb-66,Norman Tokar,N/A,"3,244"
Ugly Duckling,1939,07-Apr-39,"Jack Cutting, Clyde Geronimi",N/A,"2,421"
The Ultimate Christmas Present,2000,01-Dec-00,Greg Beeman,2 wins & 3 nominations.,"1,478"
The Vanishing Prairie,1954,11-Jul-55,James Algar,Won 1 Oscar. Another 3 wins.,341
The Wild,2006,14-Apr-06,Steve 'Spaz' Williams,2 nominations.,"23,206"
The Wise Little Hen,1934,07-Jun-34,Wilfred Jackson,N/A,"1,567"
The Wizards Return: Alex vs. Alex,2013,15-Mar-13,Victor Gonzalez,2 nominations.,"4,934"
The Little Mermaid Live!,2019,05-Nov-19,"Hamish Hamilton, Ron Clements, John Musker",N/A,645
The World According to Jeff Goldblum,2019–,12-Nov-19,N/A,N/A,"1,121"
The Young Black Stallion,2003,25-Dec-03,Simon Wincer,1 nomination.,"1,008"
Those Calloways,1965,01-Mar-65,Norman Tokar,N/A,423
,,,,,
Three Days,2001,09-Dec-01,Michael Switzer,N/A,867
Three Little Pigs,1933,27-May-33,Burt Gillett,Won 1 Oscar. Another 1 win.,"4,805"
,,,,,
Three Men and a Baby,1987,25-Nov-87,Leonard Nimoy,2 wins & 1 nomination.,"45,155"
Three Men and a Little Lady,1990,21-Nov-90,Emile Ardolino,1 win & 1 nomination.,"21,881"
,,,,,
Thumbelina,1994,30-Mar-94,"Don Bluth, Gary Goldman",1 win.,"14,576"
Tiger Cruise,2004,06-Aug-04,Duwayne Dunham,3 nominations.,"1,166"
The Nightmare Before Christmas,1993,29-Oct-93,Henry Selick,Nominated for 1 Oscar. Another 7 wins & 16 nominations.,"2,81,155"
Timmy Failure: Mistakes Were Made,2020,07-Feb-20,Tom McCarthy,N/A,"1,300"
Timon & Pumbaa,1995–1999,08-Sep-95,N/A,3 wins & 14 nominations.,"8,549"
Tin Toy,1988,30-Dec-88,John Lasseter,Won 1 Oscar. Another 3 wins.,"9,253"
Tinker Bell,2008,28-Oct-08,Bradley Raymond,N/A,"11,194"
Tinker Bell and the Great Fairy Rescue,2010,21-Sep-10,Bradley Raymond,1 win & 1 nomination.,"7,103"
Tinker Bell and the Lost Treasure,2009,27-Oct-09,Klay Hall,1 nomination.,"9,233"
Titanic: 20 Years Later with James Cameron,2017,26-Nov-17,Thomas C. Grane,N/A,273
Toby Tortoise Returns,1936,22-Aug-36,Wilfred Jackson,N/A,532
Togo,2019,20-Dec-19,Ericson Core,1 win & 2 nominations.,"24,630"
Tom and Huck,1995,22-Dec-95,Peter Hewitt,1 win & 5 nominations.,"9,519"
Toy Story,1995,22-Nov-95,John Lasseter,Nominated for 3 Oscars. Another 27 wins & 20 nominations.,"8,46,332"
Toy Story 2,1999,24-Nov-99,"John Lasseter, Ash Brannon(co-director), Lee Unkrich(co-director)",Nominated for 1 Oscar. Another 21 wins & 26 nominations.,"5,04,561"
Toy Story 3,2010,18-Jun-10,Lee Unkrich,Won 2 Oscars. Another 60 wins & 95 nominations.,"7,29,086"
Toy Story 4,2019,21-Jun-19,Josh Cooley,Won 1 Oscar. Another 49 wins & 53 nominations.,"1,72,068"
Toy Story Toons: Hawaiian Vacation,2011,24-Jun-11,Gary Rydstrom,N/A,"7,148"
,,,,,
Toy Story Toons: Small Fry,2011,23-Nov-11,"Angus MacLane, Dylan Brown",N/A,"5,326"
Trail of the Panda,2009,N/A,Zhong Yu,N/A,139
Trailer Horn,1950,28-Apr-50,Jack Hannah,N/A,359
Treasure Island,1950,19-Jul-50,Byron Haskin,1 nomination.,"6,611"
Treasure of Matecumbe,1976,01-Jul-76,Vincent McEveety,N/A,412
Treasure Planet,2002,27-Nov-02,"Ron Clements, John Musker",Nominated for 1 Oscar. Another 1 win & 13 nominations.,"96,646"
,,,,,
TRON,1982,09-Jul-82,Steven Lisberger,Nominated for 2 Oscars. Another 2 wins & 6 nominations.,"1,10,110"
TRON: Uprising,2012–2013,20-May-12,N/A,Won 1 Primetime Emmy. Another 2 wins & 6 nominations.,"7,409"
TRON: Legacy,2010,17-Dec-10,Joseph Kosinski,Nominated for 1 Oscar. Another 10 wins & 49 nominations.,"3,06,175"
Tru Confessions,2002,05-Apr-02,Paul Hoen,1 win.,"2,866"
Tuck Everlasting,2002,11-Oct-02,Jay Russell,1 win & 3 nominations.,"20,533"
Tugboat Mickey,1940,26-Apr-40,Clyde Geronimi,N/A,650
Turner & Hooch,1989,28-Jul-89,Roger Spottiswoode,1 win & 1 nomination.,"61,665"
Tutankhamen's Treasures,2018,24-Mar-18,N/A,N/A,31
'Twas the Night,2001,07-Dec-01,Nick Castle,1 win & 3 nominations.,719
Twitches,2005,14-Oct-05,Stuart Gillard,1 win.,"6,703"
Twitches Too,2007,12-Oct-07,Stuart Gillard,N/A,"3,961"
Unidentified Flying Oddball,1979,26-Jul-79,Russ Mayberry,N/A,917
,,,,,
Unlikely Animal Friends,2012–,13-Jan-12,N/A,N/A,72
Up,2009,29-May-09,"Pete Docter, Bob Peterson(co-director)",Won 2 Oscars. Another 78 wins & 82 nominations.,"8,95,906"
"Up, Up, and Away!",2000,22-Jan-00,Robert Townsend,1 nomination.,"1,736"
Valiant,2005,19-Aug-05,Gary Chapman,2 nominations.,"20,118"
Viking Warrior Women,2019,07-Jun-19,"David Bartlett, Sebastian Peiter",N/A,14
Violetta,2012–,14-May-12,N/A,1 win & 2 nominations.,"1,892"
Waking Sleeping Beauty,2009,06-Oct-10,Don Hahn,2 wins & 2 nominations.,"2,253"
WALL·E,2008,27-Jun-08,Andrew Stanton,Won 1 Oscar. Another 91 wins & 93 nominations.,"9,55,757"
,,,,,
Water Birds,1952,26-Jun-52,Ben Sharpsteen,Won 1 Oscar. Another 1 nomination.,111
Wendy Wu: Homecoming Warrior,2006,16-Jun-06,John Laing,N/A,"5,328"
Whispers: An Elephant's Tale,2000,10-Mar-00,Dereck Joubert,N/A,252
White Fang,1991,18-Jan-91,Randal Kleiser,1 win.,"18,897"
Who Framed Roger Rabbit,1988,22-Jun-88,"Robert Zemeckis, Richard Williams",Won 3 Oscars. Another 21 wins & 21 nominations.,"1,75,505"
Wicked Tuna,2012–,01-Apr-12,N/A,N/A,677
,,,,,
,,,,,
,,,,,
Willow,1988,20-May-88,Ron Howard,Nominated for 2 Oscars. Another 1 win & 9 nominations.,"97,309"
Wind,2019,N/A,Edwin Chang,N/A,N/A
Winged Seduction: Birds of Paradise,2012,22-Nov-12,Molly Hermann,N/A,10
Winnie the Pooh,2011,15-Jul-11,"Stephen J. Anderson, Don Hall",2 wins & 25 nominations.,"20,673"
Winnie the Pooh: A Very Merry Pooh Year,2002,12-Nov-02,"Gary Katona, Ed Wexler, Jamie Mitchell",1 win & 3 nominations.,"1,781"
Winnie the Pooh: Springtime with Roo,2003,09-Mar-04,"Saul Blinkoff, Elliot M. Bour",6 nominations.,"1,634"
Winter Storage,1949,03-Jun-49,Jack Hannah,N/A,595
Wizards of Waverly Place,2007–2012,12-Oct-07,N/A,Won 2 Primetime Emmys. Another 35 wins & 50 nominations.,"27,826"
Wizards of Waverly Place: The Movie,2009,28-Aug-09,Lev L. Spiro,Won 1 Primetime Emmy. Another 1 win & 4 nominations.,"14,540"
Wolverine and the X-Men,2008–2009,23-Jan-09,N/A,N/A,"9,497"
BarkFest,2017–,N/A,N/A,N/A,N/A
Wreck-It Ralph,2012,02-Nov-12,Rich Moore,Nominated for 1 Oscar. Another 33 wins & 41 nominations.,"3,65,043"
X-Men: Evolution,2000–2003,04-Nov-00,N/A,3 wins & 6 nominations.,"9,763"
,,,,,
Year Million,2017,15-May-17,N/A,N/A,324
Yellowstone Cubs,1963,01-Jun-63,Charles L. Draper,1 nomination.,177
You Lucky Dog,1998,27-Jun-98,Paul Schneider,N/A,526
You Wish!,2003,10-Jan-03,Paul Hoen,3 nominations.,"1,608"
Your Friend the Rat,2007,06-Nov-07,Jim Capobianco,1 win.,"4,944"
Z-O-M-B-I-E-S,2018,16-Feb-18,Paul Hoen,1 nomination.,"2,993"
Zapped,2014,23-Jun-14,Peter DeLuise,5 wins & 1 nomination.,"3,750"
Zenon: Girl of the 21st Century,1999,23-Jan-99,Kenneth Johnson,2 nominations.,"6,378"
Zenon: The Zequel,2001,12-Jan-01,Manny Coto,1 nomination.,"3,318"
Zenon: Z3,2004,11-Jun-04,Steve Rash,N/A,"2,339"
Zootopia,2016,04-Mar-16,"Byron Howard, Rich Moore, Jared Bush(co-director)",Won 1 Oscar. Another 46 wins & 71 nominations.,"4,10,437"
